player,preseason_hit_n_sessions,preseason_hit_avg_distance,preseason_hit_avg_exit_velo,preseason_hit_date_range,game_date,opponent,game_ab,game_h,game_r,game_2b,game_3b,game_hr,game_rbi
"Liu, Kylie",6,143.5,60.5,2025-09-05 to 2026-02-07,2/13/2026,Claremont-M-S,3,1,0,0,0,0,1
"Liu, Kylie",6,143.5,60.5,2025-09-05 to 2026-02-07,2/14/2026,Claremont-M-S,4,2,0,1,0,0,2
"Liu, Kylie",6,143.5,60.5,2025-09-05 to 2026-02-07,2/14/2026,Claremont-M-S,2,1,0,0,0,0,1
"Liu, Kylie",6,143.5,60.5,2025-09-05 to 2026-02-07,2/27/2026,Lewis & Clark,4,2,2,0,0,2,5
"Liu, Kylie",6,143.5,60.5,2025-09-05 to 2026-02-07,2/27/2026,Lewis & Clark,1,0,1,0,0,0,0
"Liu, Kylie",6,143.5,60.5,2025-09-05 to 2026-02-07,2/28/2026,Linfield,2,1,0,0,0,0,0
"Liu, Kylie",6,143.5,60.5,2025-09-05 to 2026-02-07,2/28/2026,Linfield,2,1,1,0,0,0,0
"Liu, Kylie",6,143.5,60.5,2025-09-05 to 2026-02-07,3/6/2026,Saint Benedict,3,1,0,0,0,0,0
"Liu, Kylie",6,143.5,60.5,2025-09-05 to 2026-02-07,3/6/2026,Saint Mary's (Minn.),2,0,0,0,0,0,0
"Liu, Kylie",6,143.5,60.5,2025-09-05 to 2026-02-07,3/7/2026,East Tex. Baptist,2,0,1,0,0,0,0
"Liu, Kylie",6,143.5,60.5,2025-09-05 to 2026-02-07,03/07/2026,Mount Union,4,3,1,1,0,0,0
"Liu, Kylie",6,143.5,60.5,2025-09-05 to 2026-02-07,3/8/2026,Denison,1,1,0,0,0,0,0
"Liu, Kylie",6,143.5,60.5,2025-09-05 to 2026-02-07,3/8/2026,Pfeiffer,3,0,0,0,0,0,0
"Liu, Kylie",6,143.5,60.5,2025-09-05 to 2026-02-07,3/13/2026,Pacific Lutheran,4,1,1,0,0,1,1
"Liu, Kylie",6,143.5,60.5,2025-09-05 to 2026-02-07,3/13/2026,Pacific Lutheran,4,2,0,0,0,0,1
"Liu, Kylie",6,143.5,60.5,2025-09-05 to 2026-02-07,3/14/2026,Hamline,4,2,1,0,0,0,1
"Liu, Kylie",6,143.5,60.5,2025-09-05 to 2026-02-07,3/14/2026,Hamline,3,1,1,0,0,0,1
"Liu, Kylie",6,143.5,60.5,2025-09-05 to 2026-02-07,3/17/2026,Redlands,3,1,1,0,0,1,1
"Liu, Kylie",6,143.5,60.5,2025-09-05 to 2026-02-07,3/18/2026,Oneonta,3,3,3,1,0,2,3
"Liu, Kylie",6,143.5,60.5,2025-09-05 to 2026-02-07,3/18/2026,Oneonta,2,0,1,0,0,0,0
"Liu, Kylie",6,143.5,60.5,2025-09-05 to 2026-02-07,3/20/2026,Cal Lutheran,3,1,0,1,0,0,0
"Liu, Kylie",6,143.5,60.5,2025-09-05 to 2026-02-07,3/21/2026,Cal Lutheran,2,2,2,2,0,0,1
"Liu, Kylie",6,143.5,60.5,2025-09-05 to 2026-02-07,3/21/2026,Cal Lutheran,4,0,0,0,0,0,1
"Liu, Kylie",6,143.5,60.5,2025-09-05 to 2026-02-07,3/28/2026,Williams,2,0,0,0,0,0,0
"Liu, Kylie",6,143.5,60.5,2025-09-05 to 2026-02-07,3/28/2026,Williams,3,1,0,0,0,0,0
"Liu, Kylie",6,143.5,60.5,2025-09-05 to 2026-02-07,4/3/2026,Chapman,3,2,0,0,0,0,1
"Liu, Kylie",6,143.5,60.5,2025-09-05 to 2026-02-07,4/4/2026,Chapman,4,0,0,0,0,0,0
"Liu, Kylie",6,143.5,60.5,2025-09-05 to 2026-02-07,4/4/2026,Chapman,3,0,0,0,0,0,1
"Liu, Kylie",6,143.5,60.5,2025-09-05 to 2026-02-07,4/10/2026,Whittier,2,0,1,0,0,0,0
"Liu, Kylie",6,143.5,60.5,2025-09-05 to 2026-02-07,4/11/2026,Whittier,4,3,1,1,0,1,2
"Liu, Kylie",6,143.5,60.5,2025-09-05 to 2026-02-07,4/11/2026,Whittier,3,0,0,0,0,0,0
"Liu, Kylie",6,143.5,60.5,2025-09-05 to 2026-02-07,4/17/2026,Occidental,1,1,2,0,0,1,1
"Liu, Kylie",6,143.5,60.5,2025-09-05 to 2026-02-07,4/18/2026,Occidental,3,2,1,0,0,0,0
"Liu, Kylie",6,143.5,60.5,2025-09-05 to 2026-02-07,4/18/2026,Occidental,3,1,1,1,0,0,1
"Liu, Kylie",6,143.5,60.5,2025-09-05 to 2026-02-07,4/24/2026,La Verne,2,1,0,0,0,0,0
"Liu, Kylie",6,143.5,60.5,2025-09-05 to 2026-02-07,4/25/2026,La Verne,4,1,1,1,0,0,2
"Liu, Kylie",6,143.5,60.5,2025-09-05 to 2026-02-07,4/25/2026,La Verne,4,3,2,2,0,0,1
"Liu, Kylie",6,143.5,60.5,2025-09-05 to 2026-02-07,5/1/2026,Redlands,3,2,2,1,0,1,3
"Liu, Kylie",6,143.5,60.5,2025-09-05 to 2026-02-07,5/2/2026,Redlands,3,1,0,0,0,0,0
"Liu, Kylie",6,143.5,60.5,2025-09-05 to 2026-02-07,5/2/2026,Redlands,2,1,1,0,0,0,1
"Murguia, Natalie",4,85.0,61.5,2025-09-13 to 2026-02-07,2/13/2026,Claremont-M-S,2,2,1,0,0,0,0
"Murguia, Natalie",4,85.0,61.5,2025-09-13 to 2026-02-07,2/14/2026,Claremont-M-S,3,2,1,0,0,0,1
"Murguia, Natalie",4,85.0,61.5,2025-09-13 to 2026-02-07,2/14/2026,Claremont-M-S,3,0,0,0,0,0,0
"Murguia, Natalie",4,85.0,61.5,2025-09-13 to 2026-02-07,2/27/2026,Lewis & Clark,4,1,0,0,0,0,0
"Murguia, Natalie",4,85.0,61.5,2025-09-13 to 2026-02-07,2/27/2026,Lewis & Clark,2,0,0,0,0,0,1
"Murguia, Natalie",4,85.0,61.5,2025-09-13 to 2026-02-07,2/28/2026,Linfield,2,0,0,0,0,0,0
"Murguia, Natalie",4,85.0,61.5,2025-09-13 to 2026-02-07,2/28/2026,Linfield,3,1,0,0,0,0,0
"Murguia, Natalie",4,85.0,61.5,2025-09-13 to 2026-02-07,3/6/2026,Saint Benedict,3,0,0,0,0,0,1
"Murguia, Natalie",4,85.0,61.5,2025-09-13 to 2026-02-07,3/6/2026,Saint Mary's (Minn.),3,0,0,0,0,0,0
"Murguia, Natalie",4,85.0,61.5,2025-09-13 to 2026-02-07,3/7/2026,East Tex. Baptist,2,0,0,0,0,0,0
"Murguia, Natalie",4,85.0,61.5,2025-09-13 to 2026-02-07,3/8/2026,Denison,0,0,0,0,0,0,0
"Murguia, Natalie",4,85.0,61.5,2025-09-13 to 2026-02-07,3/8/2026,Pfeiffer,0,0,0,0,0,0,0
"Murguia, Natalie",4,85.0,61.5,2025-09-13 to 2026-02-07,3/13/2026,Pacific Lutheran,3,2,0,0,0,0,0
"Murguia, Natalie",4,85.0,61.5,2025-09-13 to 2026-02-07,3/13/2026,Pacific Lutheran,4,3,1,0,0,0,1
"Murguia, Natalie",4,85.0,61.5,2025-09-13 to 2026-02-07,3/14/2026,Hamline,3,3,1,1,1,0,2
"Murguia, Natalie",4,85.0,61.5,2025-09-13 to 2026-02-07,3/14/2026,Hamline,2,1,1,0,0,0,1
"Murguia, Natalie",4,85.0,61.5,2025-09-13 to 2026-02-07,3/17/2026,Redlands,4,1,0,1,0,0,1
"Murguia, Natalie",4,85.0,61.5,2025-09-13 to 2026-02-07,3/18/2026,Oneonta,3,1,1,0,0,0,1
"Murguia, Natalie",4,85.0,61.5,2025-09-13 to 2026-02-07,3/18/2026,Oneonta,3,1,1,0,0,0,1
"Murguia, Natalie",4,85.0,61.5,2025-09-13 to 2026-02-07,3/20/2026,Cal Lutheran,3,2,1,0,0,0,1
"Murguia, Natalie",4,85.0,61.5,2025-09-13 to 2026-02-07,3/21/2026,Cal Lutheran,2,1,1,0,0,0,2
"Murguia, Natalie",4,85.0,61.5,2025-09-13 to 2026-02-07,3/21/2026,Cal Lutheran,4,1,1,0,0,0,2
"Murguia, Natalie",4,85.0,61.5,2025-09-13 to 2026-02-07,3/28/2026,Williams,2,1,0,0,0,0,0
"Murguia, Natalie",4,85.0,61.5,2025-09-13 to 2026-02-07,3/28/2026,Williams,4,0,0,0,0,0,0
"Murguia, Natalie",4,85.0,61.5,2025-09-13 to 2026-02-07,4/3/2026,Chapman,3,1,0,0,0,0,1
"Murguia, Natalie",4,85.0,61.5,2025-09-13 to 2026-02-07,4/4/2026,Chapman,3,2,1,1,0,0,2
"Murguia, Natalie",4,85.0,61.5,2025-09-13 to 2026-02-07,4/4/2026,Chapman,3,1,1,1,0,0,0
"Murguia, Natalie",4,85.0,61.5,2025-09-13 to 2026-02-07,4/10/2026,Whittier,3,1,0,1,0,0,1
"Murguia, Natalie",4,85.0,61.5,2025-09-13 to 2026-02-07,4/11/2026,Whittier,4,2,2,1,0,0,0
"Murguia, Natalie",4,85.0,61.5,2025-09-13 to 2026-02-07,4/11/2026,Whittier,3,0,0,0,0,0,0
"Murguia, Natalie",4,85.0,61.5,2025-09-13 to 2026-02-07,4/17/2026,Occidental,4,1,0,0,0,0,2
"Murguia, Natalie",4,85.0,61.5,2025-09-13 to 2026-02-07,4/18/2026,Occidental,3,0,0,0,0,0,0
"Murguia, Natalie",4,85.0,61.5,2025-09-13 to 2026-02-07,4/18/2026,Occidental,4,1,1,1,0,0,0
"Murguia, Natalie",4,85.0,61.5,2025-09-13 to 2026-02-07,4/24/2026,La Verne,2,1,0,0,0,0,1
"Murguia, Natalie",4,85.0,61.5,2025-09-13 to 2026-02-07,4/25/2026,La Verne,5,4,1,0,1,0,2
"Murguia, Natalie",4,85.0,61.5,2025-09-13 to 2026-02-07,4/25/2026,La Verne,3,2,0,0,0,0,3
"Murguia, Natalie",4,85.0,61.5,2025-09-13 to 2026-02-07,5/1/2026,Redlands,3,3,1,0,0,0,0
"Murguia, Natalie",4,85.0,61.5,2025-09-13 to 2026-02-07,5/2/2026,Redlands,3,2,0,1,0,0,0
"Murguia, Natalie",4,85.0,61.5,2025-09-13 to 2026-02-07,5/2/2026,Redlands,2,0,0,0,0,0,0
"Huryn, Sadie",4,78.2,54.0,2025-09-05 to 2026-02-07,2/13/2026,Claremont-M-S,2,0,0,0,0,0,0
"Huryn, Sadie",4,78.2,54.0,2025-09-05 to 2026-02-07,2/14/2026,Claremont-M-S,4,1,1,0,0,0,0
"Huryn, Sadie",4,78.2,54.0,2025-09-05 to 2026-02-07,2/14/2026,Claremont-M-S,4,2,3,0,0,0,0
"Huryn, Sadie",4,78.2,54.0,2025-09-05 to 2026-02-07,2/27/2026,Lewis & Clark,3,1,1,0,0,0,0
"Huryn, Sadie",4,78.2,54.0,2025-09-05 to 2026-02-07,2/27/2026,Lewis & Clark,3,1,1,0,0,0,0
"Huryn, Sadie",4,78.2,54.0,2025-09-05 to 2026-02-07,2/28/2026,Linfield,4,0,0,0,0,0,0
"Huryn, Sadie",4,78.2,54.0,2025-09-05 to 2026-02-07,2/28/2026,Linfield,2,0,0,0,0,0,0
"Huryn, Sadie",4,78.2,54.0,2025-09-05 to 2026-02-07,3/6/2026,Saint Benedict,2,1,1,0,0,0,0
"Huryn, Sadie",4,78.2,54.0,2025-09-05 to 2026-02-07,3/6/2026,Saint Mary's (Minn.),3,1,0,0,0,0,0
"Huryn, Sadie",4,78.2,54.0,2025-09-05 to 2026-02-07,3/7/2026,East Tex. Baptist,3,0,0,0,0,0,0
"Huryn, Sadie",4,78.2,54.0,2025-09-05 to 2026-02-07,03/07/2026,Mount Union,3,1,3,0,0,0,1
"Huryn, Sadie",4,78.2,54.0,2025-09-05 to 2026-02-07,3/8/2026,Denison,2,0,0,0,0,0,0
"Huryn, Sadie",4,78.2,54.0,2025-09-05 to 2026-02-07,3/8/2026,Pfeiffer,3,1,1,0,0,0,0
"Huryn, Sadie",4,78.2,54.0,2025-09-05 to 2026-02-07,3/13/2026,Pacific Lutheran,3,1,0,0,0,0,0
"Huryn, Sadie",4,78.2,54.0,2025-09-05 to 2026-02-07,3/13/2026,Pacific Lutheran,4,0,0,0,0,0,0
"Huryn, Sadie",4,78.2,54.0,2025-09-05 to 2026-02-07,3/14/2026,Hamline,4,1,2,1,0,0,0
"Huryn, Sadie",4,78.2,54.0,2025-09-05 to 2026-02-07,3/14/2026,Hamline,3,0,1,0,0,0,0
"Huryn, Sadie",4,78.2,54.0,2025-09-05 to 2026-02-07,3/17/2026,Redlands,4,2,1,0,0,0,0
"Huryn, Sadie",4,78.2,54.0,2025-09-05 to 2026-02-07,3/18/2026,Oneonta,3,0,1,0,0,0,0
"Huryn, Sadie",4,78.2,54.0,2025-09-05 to 2026-02-07,3/18/2026,Oneonta,3,3,1,2,0,0,3
"Huryn, Sadie",4,78.2,54.0,2025-09-05 to 2026-02-07,3/20/2026,Cal Lutheran,4,1,1,0,0,0,0
"Huryn, Sadie",4,78.2,54.0,2025-09-05 to 2026-02-07,3/21/2026,Cal Lutheran,4,1,1,0,0,0,1
"Huryn, Sadie",4,78.2,54.0,2025-09-05 to 2026-02-07,3/21/2026,Cal Lutheran,3,3,2,0,0,0,1
"Huryn, Sadie",4,78.2,54.0,2025-09-05 to 2026-02-07,3/28/2026,Williams,1,0,0,0,0,0,0
"Huryn, Sadie",4,78.2,54.0,2025-09-05 to 2026-02-07,3/28/2026,Williams,4,2,0,0,0,0,0
"Huryn, Sadie",4,78.2,54.0,2025-09-05 to 2026-02-07,4/3/2026,Chapman,4,0,1,0,0,0,0
"Huryn, Sadie",4,78.2,54.0,2025-09-05 to 2026-02-07,4/4/2026,Chapman,3,2,0,0,0,0,0
"Huryn, Sadie",4,78.2,54.0,2025-09-05 to 2026-02-07,4/4/2026,Chapman,2,1,1,0,1,0,0
"Huryn, Sadie",4,78.2,54.0,2025-09-05 to 2026-02-07,4/10/2026,Whittier,3,1,0,1,0,0,2
"Huryn, Sadie",4,78.2,54.0,2025-09-05 to 2026-02-07,4/11/2026,Whittier,2,1,2,0,0,0,0
"Huryn, Sadie",4,78.2,54.0,2025-09-05 to 2026-02-07,4/11/2026,Whittier,3,3,0,1,0,0,0
"Huryn, Sadie",4,78.2,54.0,2025-09-05 to 2026-02-07,4/17/2026,Occidental,3,1,2,0,0,0,0
"Huryn, Sadie",4,78.2,54.0,2025-09-05 to 2026-02-07,4/18/2026,Occidental,4,2,1,0,0,0,0
"Huryn, Sadie",4,78.2,54.0,2025-09-05 to 2026-02-07,4/18/2026,Occidental,4,0,0,0,0,0,0
"Huryn, Sadie",4,78.2,54.0,2025-09-05 to 2026-02-07,4/24/2026,La Verne,2,1,1,0,0,0,0
"Huryn, Sadie",4,78.2,54.0,2025-09-05 to 2026-02-07,4/25/2026,La Verne,4,2,1,0,0,0,1
"Huryn, Sadie",4,78.2,54.0,2025-09-05 to 2026-02-07,4/25/2026,La Verne,2,0,1,0,0,0,0
"Huryn, Sadie",4,78.2,54.0,2025-09-05 to 2026-02-07,5/1/2026,Redlands,3,1,1,0,0,0,0
"Huryn, Sadie",4,78.2,54.0,2025-09-05 to 2026-02-07,5/2/2026,Redlands,2,0,0,0,0,0,0
"Huryn, Sadie",4,78.2,54.0,2025-09-05 to 2026-02-07,5/2/2026,Redlands,3,1,1,0,0,0,1
"Sefkow, Claire",3,81.5,55.9,2026-01-30 to 2026-02-07,2/13/2026,Claremont-M-S,0,0,0,0,0,0,0
"Sefkow, Claire",3,81.5,55.9,2026-01-30 to 2026-02-07,2/14/2026,Claremont-M-S,0,0,0,0,0,0,0
"Sefkow, Claire",3,81.5,55.9,2026-01-30 to 2026-02-07,2/14/2026,Claremont-M-S,0,0,0,0,0,0,0
"Sefkow, Claire",3,81.5,55.9,2026-01-30 to 2026-02-07,2/27/2026,Lewis & Clark,2,0,0,0,0,0,0
"Sefkow, Claire",3,81.5,55.9,2026-01-30 to 2026-02-07,2/27/2026,Lewis & Clark,0,0,0,0,0,0,0
"Sefkow, Claire",3,81.5,55.9,2026-01-30 to 2026-02-07,2/28/2026,Linfield,0,0,0,0,0,0,0
"Sefkow, Claire",3,81.5,55.9,2026-01-30 to 2026-02-07,2/28/2026,Linfield,0,0,0,0,0,0,0
"Sefkow, Claire",3,81.5,55.9,2026-01-30 to 2026-02-07,3/6/2026,Saint Benedict,2,1,1,0,0,0,2
"Sefkow, Claire",3,81.5,55.9,2026-01-30 to 2026-02-07,3/6/2026,Saint Mary's (Minn.),2,0,0,0,0,0,0
"Sefkow, Claire",3,81.5,55.9,2026-01-30 to 2026-02-07,3/7/2026,East Tex. Baptist,3,1,1,0,0,0,0
"Sefkow, Claire",3,81.5,55.9,2026-01-30 to 2026-02-07,03/07/2026,Mount Union,3,0,1,0,0,0,0
"Sefkow, Claire",3,81.5,55.9,2026-01-30 to 2026-02-07,3/8/2026,Denison,2,0,0,0,0,0,0
"Sefkow, Claire",3,81.5,55.9,2026-01-30 to 2026-02-07,3/13/2026,Pacific Lutheran,3,1,0,0,0,0,0
"Sefkow, Claire",3,81.5,55.9,2026-01-30 to 2026-02-07,3/13/2026,Pacific Lutheran,4,2,1,0,0,0,0
"Sefkow, Claire",3,81.5,55.9,2026-01-30 to 2026-02-07,3/14/2026,Hamline,2,1,2,0,0,0,1
"Sefkow, Claire",3,81.5,55.9,2026-01-30 to 2026-02-07,3/14/2026,Hamline,3,2,1,2,0,0,2
"Sefkow, Claire",3,81.5,55.9,2026-01-30 to 2026-02-07,3/17/2026,Redlands,4,2,0,0,0,0,0
"Sefkow, Claire",3,81.5,55.9,2026-01-30 to 2026-02-07,3/18/2026,Oneonta,3,2,1,0,0,0,1
"Sefkow, Claire",3,81.5,55.9,2026-01-30 to 2026-02-07,3/20/2026,Cal Lutheran,3,1,0,0,0,0,0
"Sefkow, Claire",3,81.5,55.9,2026-01-30 to 2026-02-07,3/21/2026,Cal Lutheran,4,2,1,0,0,1,3
"Sefkow, Claire",3,81.5,55.9,2026-01-30 to 2026-02-07,3/21/2026,Cal Lutheran,5,3,1,2,0,0,2
"Sefkow, Claire",3,81.5,55.9,2026-01-30 to 2026-02-07,3/28/2026,Williams,2,0,0,0,0,0,0
"Sefkow, Claire",3,81.5,55.9,2026-01-30 to 2026-02-07,3/28/2026,Williams,3,0,1,0,0,0,0
"Sefkow, Claire",3,81.5,55.9,2026-01-30 to 2026-02-07,4/3/2026,Chapman,3,0,0,0,0,0,0
"Sefkow, Claire",3,81.5,55.9,2026-01-30 to 2026-02-07,4/4/2026,Chapman,3,0,0,0,0,0,0
"Sefkow, Claire",3,81.5,55.9,2026-01-30 to 2026-02-07,4/4/2026,Chapman,2,1,0,0,0,0,0
"Sefkow, Claire",3,81.5,55.9,2026-01-30 to 2026-02-07,4/10/2026,Whittier,3,1,1,0,0,1,1
"Sefkow, Claire",3,81.5,55.9,2026-01-30 to 2026-02-07,4/11/2026,Whittier,4,1,1,0,0,0,1
"Sefkow, Claire",3,81.5,55.9,2026-01-30 to 2026-02-07,4/11/2026,Whittier,3,1,1,0,0,0,0
"Sefkow, Claire",3,81.5,55.9,2026-01-30 to 2026-02-07,4/17/2026,Occidental,2,1,0,1,0,0,2
"Sefkow, Claire",3,81.5,55.9,2026-01-30 to 2026-02-07,4/18/2026,Occidental,3,2,0,1,0,0,1
"Sefkow, Claire",3,81.5,55.9,2026-01-30 to 2026-02-07,4/18/2026,Occidental,3,1,1,0,0,0,0
"Sefkow, Claire",3,81.5,55.9,2026-01-30 to 2026-02-07,4/24/2026,La Verne,3,0,0,0,0,0,0
"Sefkow, Claire",3,81.5,55.9,2026-01-30 to 2026-02-07,4/25/2026,La Verne,5,2,1,0,0,0,1
"Sefkow, Claire",3,81.5,55.9,2026-01-30 to 2026-02-07,4/25/2026,La Verne,2,0,0,0,0,0,1
"Sefkow, Claire",3,81.5,55.9,2026-01-30 to 2026-02-07,5/1/2026,Redlands,4,0,0,0,0,0,0
"Sefkow, Claire",3,81.5,55.9,2026-01-30 to 2026-02-07,5/2/2026,Redlands,3,0,0,0,0,0,0
"Sefkow, Claire",3,81.5,55.9,2026-01-30 to 2026-02-07,5/2/2026,Redlands,4,2,1,0,0,0,0
"Song, Yuri",3,68.0,63.9,2025-09-05 to 2026-02-06,2/27/2026,Lewis & Clark,4,2,1,0,0,0,0
"Song, Yuri",3,68.0,63.9,2025-09-05 to 2026-02-06,2/27/2026,Lewis & Clark,2,0,1,0,0,0,0
"Song, Yuri",3,68.0,63.9,2025-09-05 to 2026-02-06,2/28/2026,Linfield,3,1,0,0,0,0,0
"Song, Yuri",3,68.0,63.9,2025-09-05 to 2026-02-06,2/28/2026,Linfield,3,0,0,0,0,0,0
"Song, Yuri",3,68.0,63.9,2025-09-05 to 2026-02-06,3/6/2026,Saint Benedict,4,1,0,0,0,0,1
"Song, Yuri",3,68.0,63.9,2025-09-05 to 2026-02-06,3/6/2026,Saint Mary's (Minn.),3,1,0,0,0,0,0
"Song, Yuri",3,68.0,63.9,2025-09-05 to 2026-02-06,3/7/2026,East Tex. Baptist,3,2,1,0,0,0,1
"Song, Yuri",3,68.0,63.9,2025-09-05 to 2026-02-06,03/07/2026,Mount Union,5,2,1,1,0,0,4
"Song, Yuri",3,68.0,63.9,2025-09-05 to 2026-02-06,3/8/2026,Denison,3,1,1,0,0,0,0
"Song, Yuri",3,68.0,63.9,2025-09-05 to 2026-02-06,3/8/2026,Pfeiffer,3,1,1,1,0,0,0
"Song, Yuri",3,68.0,63.9,2025-09-05 to 2026-02-06,3/13/2026,Pacific Lutheran,4,1,1,0,0,0,0
"Song, Yuri",3,68.0,63.9,2025-09-05 to 2026-02-06,3/13/2026,Pacific Lutheran,4,4,1,0,0,0,2
"Song, Yuri",3,68.0,63.9,2025-09-05 to 2026-02-06,3/14/2026,Hamline,4,3,0,0,0,0,0
"Song, Yuri",3,68.0,63.9,2025-09-05 to 2026-02-06,3/14/2026,Hamline,3,1,1,0,0,0,0
"Song, Yuri",3,68.0,63.9,2025-09-05 to 2026-02-06,3/17/2026,Redlands,4,2,0,0,0,0,0
"Song, Yuri",3,68.0,63.9,2025-09-05 to 2026-02-06,3/18/2026,Oneonta,4,1,0,0,0,0,1
"Song, Yuri",3,68.0,63.9,2025-09-05 to 2026-02-06,3/18/2026,Oneonta,4,3,3,0,0,0,1
"Song, Yuri",3,68.0,63.9,2025-09-05 to 2026-02-06,3/20/2026,Cal Lutheran,3,0,0,0,0,0,0
"Song, Yuri",3,68.0,63.9,2025-09-05 to 2026-02-06,3/21/2026,Cal Lutheran,2,1,2,1,0,0,0
"Song, Yuri",3,68.0,63.9,2025-09-05 to 2026-02-06,3/21/2026,Cal Lutheran,3,0,1,0,0,0,0
"Song, Yuri",3,68.0,63.9,2025-09-05 to 2026-02-06,3/28/2026,Williams,2,1,0,0,0,0,0
"Song, Yuri",3,68.0,63.9,2025-09-05 to 2026-02-06,3/28/2026,Williams,4,1,0,0,0,0,0
"Song, Yuri",3,68.0,63.9,2025-09-05 to 2026-02-06,4/3/2026,Chapman,4,1,1,0,0,0,0
"Song, Yuri",3,68.0,63.9,2025-09-05 to 2026-02-06,4/4/2026,Chapman,3,1,2,0,0,0,0
"Song, Yuri",3,68.0,63.9,2025-09-05 to 2026-02-06,4/4/2026,Chapman,3,1,1,0,0,0,0
"Song, Yuri",3,68.0,63.9,2025-09-05 to 2026-02-06,4/10/2026,Whittier,3,1,0,0,0,0,0
"Song, Yuri",3,68.0,63.9,2025-09-05 to 2026-02-06,4/11/2026,Whittier,4,0,0,0,0,0,0
"Song, Yuri",3,68.0,63.9,2025-09-05 to 2026-02-06,4/11/2026,Whittier,3,0,0,0,0,0,0
"Song, Yuri",3,68.0,63.9,2025-09-05 to 2026-02-06,4/17/2026,Occidental,3,1,1,0,1,0,1
"Song, Yuri",3,68.0,63.9,2025-09-05 to 2026-02-06,4/18/2026,Occidental,4,0,0,0,0,0,0
"Song, Yuri",3,68.0,63.9,2025-09-05 to 2026-02-06,4/18/2026,Occidental,3,1,0,0,1,0,3
"Song, Yuri",3,68.0,63.9,2025-09-05 to 2026-02-06,4/24/2026,La Verne,4,0,0,0,0,0,0
"Song, Yuri",3,68.0,63.9,2025-09-05 to 2026-02-06,4/25/2026,La Verne,3,1,2,0,0,0,0
"Song, Yuri",3,68.0,63.9,2025-09-05 to 2026-02-06,4/25/2026,La Verne,3,0,0,0,0,0,0
"Song, Yuri",3,68.0,63.9,2025-09-05 to 2026-02-06,5/1/2026,Redlands,4,0,0,0,0,0,0
"Song, Yuri",3,68.0,63.9,2025-09-05 to 2026-02-06,5/2/2026,Redlands,2,0,0,0,0,0,0
"Song, Yuri",3,68.0,63.9,2025-09-05 to 2026-02-06,5/2/2026,Redlands,0,0,0,0,0,0,0
"Milton, Marie",4,133.7,58.3,2025-09-13 to 2026-02-07,2/13/2026,Claremont-M-S,2,0,0,0,0,0,0
"Milton, Marie",4,133.7,58.3,2025-09-13 to 2026-02-07,2/14/2026,Claremont-M-S,3,0,0,0,0,0,0
"Milton, Marie",4,133.7,58.3,2025-09-13 to 2026-02-07,2/14/2026,Claremont-M-S,0,0,0,0,0,0,0
"Milton, Marie",4,133.7,58.3,2025-09-13 to 2026-02-07,2/27/2026,Lewis & Clark,1,0,0,0,0,0,0
"Milton, Marie",4,133.7,58.3,2025-09-13 to 2026-02-07,2/27/2026,Lewis & Clark,3,2,2,0,0,0,1
"Milton, Marie",4,133.7,58.3,2025-09-13 to 2026-02-07,2/28/2026,Linfield,1,0,0,0,0,0,0
"Milton, Marie",4,133.7,58.3,2025-09-13 to 2026-02-07,2/28/2026,Linfield,1,0,0,0,0,0,0
"Milton, Marie",4,133.7,58.3,2025-09-13 to 2026-02-07,3/6/2026,Saint Benedict,1,0,0,0,0,0,0
"Milton, Marie",4,133.7,58.3,2025-09-13 to 2026-02-07,3/6/2026,Saint Mary's (Minn.),1,0,0,0,0,0,0
"Milton, Marie",4,133.7,58.3,2025-09-13 to 2026-02-07,3/7/2026,East Tex. Baptist,1,0,0,0,0,0,0
"Milton, Marie",4,133.7,58.3,2025-09-13 to 2026-02-07,03/07/2026,Mount Union,3,0,1,0,0,0,0
"Milton, Marie",4,133.7,58.3,2025-09-13 to 2026-02-07,3/8/2026,Denison,2,0,0,0,0,0,0
"Milton, Marie",4,133.7,58.3,2025-09-13 to 2026-02-07,3/8/2026,Pfeiffer,1,0,0,0,0,0,0
"Milton, Marie",4,133.7,58.3,2025-09-13 to 2026-02-07,3/13/2026,Pacific Lutheran,1,0,0,0,0,0,0
"Milton, Marie",4,133.7,58.3,2025-09-13 to 2026-02-07,3/13/2026,Pacific Lutheran,4,1,1,1,0,0,0
"Milton, Marie",4,133.7,58.3,2025-09-13 to 2026-02-07,3/14/2026,Hamline,3,2,0,0,0,0,3
"Milton, Marie",4,133.7,58.3,2025-09-13 to 2026-02-07,3/14/2026,Hamline,2,1,1,0,0,0,0
"Milton, Marie",4,133.7,58.3,2025-09-13 to 2026-02-07,3/17/2026,Redlands,2,0,0,0,0,0,0
"Milton, Marie",4,133.7,58.3,2025-09-13 to 2026-02-07,3/18/2026,Oneonta,3,1,1,0,0,0,0
"Milton, Marie",4,133.7,58.3,2025-09-13 to 2026-02-07,3/18/2026,Oneonta,3,1,2,0,0,0,0
"Milton, Marie",4,133.7,58.3,2025-09-13 to 2026-02-07,3/20/2026,Cal Lutheran,2,0,0,0,0,0,0
"Milton, Marie",4,133.7,58.3,2025-09-13 to 2026-02-07,3/21/2026,Cal Lutheran,1,0,0,0,0,0,0
"Milton, Marie",4,133.7,58.3,2025-09-13 to 2026-02-07,3/28/2026,Williams,0,0,0,0,0,0,1
"Milton, Marie",4,133.7,58.3,2025-09-13 to 2026-02-07,4/3/2026,Chapman,2,0,0,0,0,0,0
"Milton, Marie",4,133.7,58.3,2025-09-13 to 2026-02-07,4/4/2026,Chapman,3,1,1,0,0,1,1
"Milton, Marie",4,133.7,58.3,2025-09-13 to 2026-02-07,4/4/2026,Chapman,3,0,0,0,0,0,0
"Milton, Marie",4,133.7,58.3,2025-09-13 to 2026-02-07,4/10/2026,Whittier,2,0,0,0,0,0,0
"Milton, Marie",4,133.7,58.3,2025-09-13 to 2026-02-07,4/11/2026,Whittier,1,0,0,0,0,0,0
"Milton, Marie",4,133.7,58.3,2025-09-13 to 2026-02-07,4/17/2026,Occidental,3,2,0,0,0,0,0
"Milton, Marie",4,133.7,58.3,2025-09-13 to 2026-02-07,4/18/2026,Occidental,3,2,0,0,0,0,0
"Milton, Marie",4,133.7,58.3,2025-09-13 to 2026-02-07,4/18/2026,Occidental,2,2,2,1,0,0,1
"Milton, Marie",4,133.7,58.3,2025-09-13 to 2026-02-07,4/24/2026,La Verne,2,0,0,0,0,0,0
"Milton, Marie",4,133.7,58.3,2025-09-13 to 2026-02-07,4/25/2026,La Verne,3,2,1,0,0,0,1
"Milton, Marie",4,133.7,58.3,2025-09-13 to 2026-02-07,4/25/2026,La Verne,1,0,0,0,0,0,0
"Milton, Marie",4,133.7,58.3,2025-09-13 to 2026-02-07,5/1/2026,Redlands,3,1,1,1,0,0,0
"Milton, Marie",4,133.7,58.3,2025-09-13 to 2026-02-07,5/2/2026,Redlands,4,3,2,0,1,0,1
"Phillips, Gianna",5,85.5,54.7,2025-09-05 to 2026-02-07,2/13/2026,Claremont-M-S,3,0,0,0,0,0,0
"Phillips, Gianna",5,85.5,54.7,2025-09-05 to 2026-02-07,2/14/2026,Claremont-M-S,4,2,0,1,0,0,1
"Phillips, Gianna",5,85.5,54.7,2025-09-05 to 2026-02-07,2/14/2026,Claremont-M-S,3,1,0,0,0,0,1
"Phillips, Gianna",5,85.5,54.7,2025-09-05 to 2026-02-07,2/27/2026,Lewis & Clark,4,1,0,0,0,0,0
"Phillips, Gianna",5,85.5,54.7,2025-09-05 to 2026-02-07,2/27/2026,Lewis & Clark,2,0,1,0,0,0,0
"Phillips, Gianna",5,85.5,54.7,2025-09-05 to 2026-02-07,2/28/2026,Linfield,3,1,1,1,0,0,0
"Phillips, Gianna",5,85.5,54.7,2025-09-05 to 2026-02-07,2/28/2026,Linfield,3,2,1,0,0,0,0
"Phillips, Gianna",5,85.5,54.7,2025-09-05 to 2026-02-07,3/6/2026,Saint Benedict,4,2,0,1,0,0,1
"Phillips, Gianna",5,85.5,54.7,2025-09-05 to 2026-02-07,3/6/2026,Saint Mary's (Minn.),2,0,0,0,0,0,0
"Phillips, Gianna",5,85.5,54.7,2025-09-05 to 2026-02-07,3/7/2026,East Tex. Baptist,3,1,0,1,0,0,2
"Phillips, Gianna",5,85.5,54.7,2025-09-05 to 2026-02-07,03/07/2026,Mount Union,4,0,1,0,0,0,0
"Phillips, Gianna",5,85.5,54.7,2025-09-05 to 2026-02-07,3/8/2026,Denison,2,0,0,0,0,0,1
"Phillips, Gianna",5,85.5,54.7,2025-09-05 to 2026-02-07,3/8/2026,Pfeiffer,3,0,0,0,0,0,1
"Phillips, Gianna",5,85.5,54.7,2025-09-05 to 2026-02-07,3/13/2026,Pacific Lutheran,4,1,0,0,0,0,1
"Phillips, Gianna",5,85.5,54.7,2025-09-05 to 2026-02-07,3/20/2026,Cal Lutheran,2,0,0,0,0,0,0
"Phillips, Gianna",5,85.5,54.7,2025-09-05 to 2026-02-07,3/21/2026,Cal Lutheran,4,2,2,0,0,0,0
"Phillips, Gianna",5,85.5,54.7,2025-09-05 to 2026-02-07,3/21/2026,Cal Lutheran,5,3,1,1,0,0,1
"Phillips, Gianna",5,85.5,54.7,2025-09-05 to 2026-02-07,3/28/2026,Williams,2,1,0,0,0,0,0
"Phillips, Gianna",5,85.5,54.7,2025-09-05 to 2026-02-07,3/28/2026,Williams,4,0,0,0,0,0,0
"Phillips, Gianna",5,85.5,54.7,2025-09-05 to 2026-02-07,4/3/2026,Chapman,3,0,0,0,0,0,0
"Phillips, Gianna",5,85.5,54.7,2025-09-05 to 2026-02-07,4/4/2026,Chapman,4,1,0,0,0,0,1
"Phillips, Gianna",5,85.5,54.7,2025-09-05 to 2026-02-07,4/4/2026,Chapman,3,1,0,0,0,0,0
"Phillips, Gianna",5,85.5,54.7,2025-09-05 to 2026-02-07,4/10/2026,Whittier,3,0,0,0,0,0,0
"Phillips, Gianna",5,85.5,54.7,2025-09-05 to 2026-02-07,4/11/2026,Whittier,4,2,0,0,0,0,2
"Phillips, Gianna",5,85.5,54.7,2025-09-05 to 2026-02-07,4/11/2026,Whittier,3,1,0,1,0,0,1
"Phillips, Gianna",5,85.5,54.7,2025-09-05 to 2026-02-07,4/17/2026,Occidental,3,1,0,1,0,0,0
"Phillips, Gianna",5,85.5,54.7,2025-09-05 to 2026-02-07,4/18/2026,Occidental,3,0,0,0,0,0,0
"Phillips, Gianna",5,85.5,54.7,2025-09-05 to 2026-02-07,4/18/2026,Occidental,4,2,1,0,0,0,2
"Phillips, Gianna",5,85.5,54.7,2025-09-05 to 2026-02-07,4/24/2026,La Verne,1,0,0,0,0,0,0
"Phillips, Gianna",5,85.5,54.7,2025-09-05 to 2026-02-07,4/25/2026,La Verne,4,2,1,0,0,0,1
"Phillips, Gianna",5,85.5,54.7,2025-09-05 to 2026-02-07,4/25/2026,La Verne,4,1,0,0,0,0,0
"Phillips, Gianna",5,85.5,54.7,2025-09-05 to 2026-02-07,5/1/2026,Redlands,4,1,0,1,0,0,2
"Phillips, Gianna",5,85.5,54.7,2025-09-05 to 2026-02-07,5/2/2026,Redlands,2,1,0,0,0,0,0
"Phillips, Gianna",5,85.5,54.7,2025-09-05 to 2026-02-07,5/2/2026,Redlands,4,1,0,1,0,0,2
"Roberts, Sophia",3,64.7,53.9,2026-01-30 to 2026-02-07,2/13/2026,Claremont-M-S,2,0,0,0,0,0,0
"Roberts, Sophia",3,64.7,53.9,2026-01-30 to 2026-02-07,2/14/2026,Claremont-M-S,3,1,0,1,0,0,0
"Roberts, Sophia",3,64.7,53.9,2026-01-30 to 2026-02-07,2/14/2026,Claremont-M-S,3,1,1,0,0,0,1
"Roberts, Sophia",3,64.7,53.9,2026-01-30 to 2026-02-07,2/27/2026,Lewis & Clark,4,1,0,0,0,0,0
"Roberts, Sophia",3,64.7,53.9,2026-01-30 to 2026-02-07,2/27/2026,Lewis & Clark,3,0,0,0,0,0,0
"Roberts, Sophia",3,64.7,53.9,2026-01-30 to 2026-02-07,2/28/2026,Linfield,3,0,0,0,0,0,0
"Roberts, Sophia",3,64.7,53.9,2026-01-30 to 2026-02-07,2/28/2026,Linfield,3,2,1,0,0,1,2
"Roberts, Sophia",3,64.7,53.9,2026-01-30 to 2026-02-07,3/6/2026,Saint Benedict,4,2,1,0,0,0,1
"Roberts, Sophia",3,64.7,53.9,2026-01-30 to 2026-02-07,3/6/2026,Saint Mary's (Minn.),3,0,0,0,0,0,0
"Roberts, Sophia",3,64.7,53.9,2026-01-30 to 2026-02-07,3/7/2026,East Tex. Baptist,3,0,0,0,0,0,0
"Roberts, Sophia",3,64.7,53.9,2026-01-30 to 2026-02-07,3/8/2026,Pfeiffer,2,0,0,0,0,0,0
"Roberts, Sophia",3,64.7,53.9,2026-01-30 to 2026-02-07,3/13/2026,Pacific Lutheran,2,0,0,0,0,0,0
"Roberts, Sophia",3,64.7,53.9,2026-01-30 to 2026-02-07,3/13/2026,Pacific Lutheran,2,0,0,0,0,0,0
"Roberts, Sophia",3,64.7,53.9,2026-01-30 to 2026-02-07,3/14/2026,Hamline,1,1,1,1,0,0,2
"Roberts, Sophia",3,64.7,53.9,2026-01-30 to 2026-02-07,3/17/2026,Redlands,3,1,0,0,0,0,0
"Roberts, Sophia",3,64.7,53.9,2026-01-30 to 2026-02-07,3/18/2026,Oneonta,3,0,0,0,0,0,1
"Roberts, Sophia",3,64.7,53.9,2026-01-30 to 2026-02-07,3/18/2026,Oneonta,2,0,0,0,0,0,1
"Roberts, Sophia",3,64.7,53.9,2026-01-30 to 2026-02-07,3/20/2026,Cal Lutheran,1,1,0,0,0,0,0
"Roberts, Sophia",3,64.7,53.9,2026-01-30 to 2026-02-07,3/21/2026,Cal Lutheran,3,1,0,1,0,0,0
"Roberts, Sophia",3,64.7,53.9,2026-01-30 to 2026-02-07,3/21/2026,Cal Lutheran,4,2,0,0,0,0,1
"Roberts, Sophia",3,64.7,53.9,2026-01-30 to 2026-02-07,3/28/2026,Williams,2,0,0,0,0,0,0
"Roberts, Sophia",3,64.7,53.9,2026-01-30 to 2026-02-07,4/11/2026,Whittier,3,0,0,0,0,0,0
"Roberts, Sophia",3,64.7,53.9,2026-01-30 to 2026-02-07,4/11/2026,Whittier,3,0,0,0,0,0,0
"Roberts, Sophia",3,64.7,53.9,2026-01-30 to 2026-02-07,4/17/2026,Occidental,1,1,0,1,0,0,0
"Roberts, Sophia",3,64.7,53.9,2026-01-30 to 2026-02-07,4/18/2026,Occidental,2,0,0,0,0,0,0
"Roberts, Sophia",3,64.7,53.9,2026-01-30 to 2026-02-07,4/18/2026,Occidental,2,0,1,0,0,0,0
"Roberts, Sophia",3,64.7,53.9,2026-01-30 to 2026-02-07,4/24/2026,La Verne,1,1,0,0,0,0,0
"Roberts, Sophia",3,64.7,53.9,2026-01-30 to 2026-02-07,4/25/2026,La Verne,3,0,0,0,0,0,0
"Roberts, Sophia",3,64.7,53.9,2026-01-30 to 2026-02-07,4/25/2026,La Verne,3,0,0,0,0,0,0
"Roberts, Sophia",3,64.7,53.9,2026-01-30 to 2026-02-07,5/1/2026,Redlands,3,0,0,0,0,0,0
"Roberts, Sophia",3,64.7,53.9,2026-01-30 to 2026-02-07,5/2/2026,Redlands,2,0,0,0,0,0,0
"Roberts, Sophia",3,64.7,53.9,2026-01-30 to 2026-02-07,5/2/2026,Redlands,4,3,1,1,0,0,0
"Bautista, Ava",4,135.2,58.1,2025-09-05 to 2026-02-07,2/13/2026,Claremont-M-S,1,0,0,0,0,0,0
"Bautista, Ava",4,135.2,58.1,2025-09-05 to 2026-02-07,2/14/2026,Claremont-M-S,0,0,0,0,0,0,0
"Bautista, Ava",4,135.2,58.1,2025-09-05 to 2026-02-07,2/14/2026,Claremont-M-S,2,0,0,0,0,0,1
"Bautista, Ava",4,135.2,58.1,2025-09-05 to 2026-02-07,2/27/2026,Lewis & Clark,1,1,0,0,0,0,0
"Bautista, Ava",4,135.2,58.1,2025-09-05 to 2026-02-07,2/28/2026,Linfield,2,0,0,0,0,0,0
"Bautista, Ava",4,135.2,58.1,2025-09-05 to 2026-02-07,2/28/2026,Linfield,1,0,0,0,0,0,0
"Bautista, Ava",4,135.2,58.1,2025-09-05 to 2026-02-07,3/6/2026,Saint Benedict,0,0,0,0,0,0,0
"Bautista, Ava",4,135.2,58.1,2025-09-05 to 2026-02-07,3/7/2026,East Tex. Baptist,0,0,0,0,0,0,0
"Bautista, Ava",4,135.2,58.1,2025-09-05 to 2026-02-07,3/8/2026,Denison,0,0,0,0,0,0,0
"Bautista, Ava",4,135.2,58.1,2025-09-05 to 2026-02-07,3/8/2026,Pfeiffer,2,0,0,0,0,0,0
"Bautista, Ava",4,135.2,58.1,2025-09-05 to 2026-02-07,3/13/2026,Pacific Lutheran,3,0,0,0,0,0,0
"Bautista, Ava",4,135.2,58.1,2025-09-05 to 2026-02-07,3/14/2026,Hamline,3,1,0,0,0,0,1
"Bautista, Ava",4,135.2,58.1,2025-09-05 to 2026-02-07,3/14/2026,Hamline,2,1,1,0,0,0,1
"Bautista, Ava",4,135.2,58.1,2025-09-05 to 2026-02-07,3/17/2026,Redlands,1,0,0,0,0,0,0
"Bautista, Ava",4,135.2,58.1,2025-09-05 to 2026-02-07,3/18/2026,Oneonta,3,2,1,0,0,0,1
"Bautista, Ava",4,135.2,58.1,2025-09-05 to 2026-02-07,3/20/2026,Cal Lutheran,2,1,0,0,0,0,0
"Bautista, Ava",4,135.2,58.1,2025-09-05 to 2026-02-07,3/21/2026,Cal Lutheran,3,1,0,0,0,0,0
"Bautista, Ava",4,135.2,58.1,2025-09-05 to 2026-02-07,3/21/2026,Cal Lutheran,4,3,1,0,1,0,1
"Bautista, Ava",4,135.2,58.1,2025-09-05 to 2026-02-07,3/28/2026,Williams,2,0,0,0,0,0,0
"Bautista, Ava",4,135.2,58.1,2025-09-05 to 2026-02-07,3/28/2026,Williams,0,0,0,0,0,0,0
"Bautista, Ava",4,135.2,58.1,2025-09-05 to 2026-02-07,4/3/2026,Chapman,3,0,0,0,0,0,0
"Bautista, Ava",4,135.2,58.1,2025-09-05 to 2026-02-07,4/4/2026,Chapman,3,0,0,0,0,0,0
"Bautista, Ava",4,135.2,58.1,2025-09-05 to 2026-02-07,4/4/2026,Chapman,0,0,0,0,0,0,0
"Bautista, Ava",4,135.2,58.1,2025-09-05 to 2026-02-07,4/10/2026,Whittier,2,2,2,0,1,0,0
"Grande, Maya",3,50.0,46.6,2026-01-30 to 2026-02-07,3/6/2026,Saint Benedict,0,0,0,0,0,0,0
"Grande, Maya",3,50.0,46.6,2026-01-30 to 2026-02-07,3/7/2026,East Tex. Baptist,0,0,0,0,0,0,0
"Grande, Maya",3,50.0,46.6,2026-01-30 to 2026-02-07,03/07/2026,Mount Union,0,0,0,0,0,0,0
"Grande, Maya",3,50.0,46.6,2026-01-30 to 2026-02-07,3/8/2026,Pfeiffer,1,0,0,0,0,0,0
"Grande, Maya",3,50.0,46.6,2026-01-30 to 2026-02-07,3/13/2026,Pacific Lutheran,0,0,0,0,0,0,0
"Grande, Maya",3,50.0,46.6,2026-01-30 to 2026-02-07,3/14/2026,Hamline,0,0,0,0,0,0,0
"Grande, Maya",3,50.0,46.6,2026-01-30 to 2026-02-07,3/18/2026,Oneonta,1,1,2,0,0,0,0
"Grande, Maya",3,50.0,46.6,2026-01-30 to 2026-02-07,3/20/2026,Cal Lutheran,0,0,0,0,0,0,0
"Grande, Maya",3,50.0,46.6,2026-01-30 to 2026-02-07,3/21/2026,Cal Lutheran,0,0,1,0,0,0,0
"Grande, Maya",3,50.0,46.6,2026-01-30 to 2026-02-07,3/21/2026,Cal Lutheran,0,0,1,0,0,0,0
"Grande, Maya",3,50.0,46.6,2026-01-30 to 2026-02-07,3/28/2026,Williams,3,0,0,0,0,0,0
"Grande, Maya",3,50.0,46.6,2026-01-30 to 2026-02-07,4/4/2026,Chapman,2,0,0,0,0,0,0
"Grande, Maya",3,50.0,46.6,2026-01-30 to 2026-02-07,4/11/2026,Whittier,0,0,0,0,0,0,0
"Grande, Maya",3,50.0,46.6,2026-01-30 to 2026-02-07,4/17/2026,Occidental,0,0,1,0,0,0,0
"Grande, Maya",3,50.0,46.6,2026-01-30 to 2026-02-07,4/18/2026,Occidental,1,0,0,0,0,0,0
"Grande, Maya",3,50.0,46.6,2026-01-30 to 2026-02-07,4/24/2026,La Verne,1,0,0,0,0,0,0
"Grande, Maya",3,50.0,46.6,2026-01-30 to 2026-02-07,4/25/2026,La Verne,3,0,0,0,0,0,0
"Grande, Maya",3,50.0,46.6,2026-01-30 to 2026-02-07,5/2/2026,Redlands,2,2,0,0,0,0,0
"Grande, Maya",3,50.0,46.6,2026-01-30 to 2026-02-07,5/2/2026,Redlands,2,1,0,0,0,0,1
"Burnham, Violet",4,44.0,45.1,2025-09-13 to 2026-02-07,2/13/2026,Claremont-M-S,2,0,0,0,0,0,0
"Burnham, Violet",4,44.0,45.1,2025-09-13 to 2026-02-07,2/14/2026,Claremont-M-S,3,1,1,0,1,0,0
"Burnham, Violet",4,44.0,45.1,2025-09-13 to 2026-02-07,2/14/2026,Claremont-M-S,4,2,0,0,0,0,0
"Burnham, Violet",4,44.0,45.1,2025-09-13 to 2026-02-07,2/27/2026,Lewis & Clark,4,0,0,0,0,0,0
"Burnham, Violet",4,44.0,45.1,2025-09-13 to 2026-02-07,2/27/2026,Lewis & Clark,2,1,0,0,1,0,2
"Burnham, Violet",4,44.0,45.1,2025-09-13 to 2026-02-07,2/28/2026,Linfield,3,0,0,0,0,0,1
"Burnham, Violet",4,44.0,45.1,2025-09-13 to 2026-02-07,2/28/2026,Linfield,3,0,0,0,0,0,1
"Burnham, Violet",4,44.0,45.1,2025-09-13 to 2026-02-07,3/6/2026,Saint Benedict,3,2,2,0,0,0,0
"Burnham, Violet",4,44.0,45.1,2025-09-13 to 2026-02-07,3/7/2026,East Tex. Baptist,2,0,0,0,0,0,0
"Burnham, Violet",4,44.0,45.1,2025-09-13 to 2026-02-07,03/07/2026,Mount Union,3,2,2,0,0,0,0
"Burnham, Violet",4,44.0,45.1,2025-09-13 to 2026-02-07,3/8/2026,Denison,2,0,0,0,0,0,0
"Burnham, Violet",4,44.0,45.1,2025-09-13 to 2026-02-07,3/8/2026,Pfeiffer,2,0,0,0,0,0,0
"Gibson, Summer",5,77.5,45.9,2025-09-05 to 2026-02-07,2/13/2026,Claremont-M-S,3,1,0,0,0,0,0
"Gibson, Summer",5,77.5,45.9,2025-09-05 to 2026-02-07,2/14/2026,Claremont-M-S,2,0,1,0,0,0,0
"Gibson, Summer",5,77.5,45.9,2025-09-05 to 2026-02-07,2/14/2026,Claremont-M-S,3,0,0,0,0,0,0
"Gibson, Summer",5,77.5,45.9,2025-09-05 to 2026-02-07,2/27/2026,Lewis & Clark,0,0,1,0,0,0,0
"Gibson, Summer",5,77.5,45.9,2025-09-05 to 2026-02-07,2/28/2026,Linfield,0,0,0,0,0,0,0
"Gibson, Summer",5,77.5,45.9,2025-09-05 to 2026-02-07,2/28/2026,Linfield,1,0,0,0,0,0,0
"Gibson, Summer",5,77.5,45.9,2025-09-05 to 2026-02-07,3/6/2026,Saint Mary's (Minn.),2,0,0,0,0,0,0
"Gibson, Summer",5,77.5,45.9,2025-09-05 to 2026-02-07,03/07/2026,Mount Union,2,0,1,0,0,0,0
"Gibson, Summer",5,77.5,45.9,2025-09-05 to 2026-02-07,3/8/2026,Denison,2,1,0,0,0,0,0
"Gibson, Summer",5,77.5,45.9,2025-09-05 to 2026-02-07,3/8/2026,Pfeiffer,3,1,0,0,0,0,0
"Gibson, Summer",5,77.5,45.9,2025-09-05 to 2026-02-07,3/13/2026,Pacific Lutheran,2,0,0,0,0,0,0
"Gibson, Summer",5,77.5,45.9,2025-09-05 to 2026-02-07,3/13/2026,Pacific Lutheran,1,1,0,0,0,0,0
"Gibson, Summer",5,77.5,45.9,2025-09-05 to 2026-02-07,3/14/2026,Hamline,3,1,1,0,0,0,0
"Gibson, Summer",5,77.5,45.9,2025-09-05 to 2026-02-07,3/17/2026,Redlands,3,0,0,0,0,0,0
"Gibson, Summer",5,77.5,45.9,2025-09-05 to 2026-02-07,3/18/2026,Oneonta,0,0,1,0,0,0,0
"Gibson, Summer",5,77.5,45.9,2025-09-05 to 2026-02-07,3/18/2026,Oneonta,3,1,1,1,0,0,2
"Gibson, Summer",5,77.5,45.9,2025-09-05 to 2026-02-07,3/20/2026,Cal Lutheran,1,0,0,0,0,0,0
"Gibson, Summer",5,77.5,45.9,2025-09-05 to 2026-02-07,4/11/2026,Whittier,2,0,0,0,0,0,0
"Gibson, Summer",5,77.5,45.9,2025-09-05 to 2026-02-07,4/11/2026,Whittier,3,0,0,0,0,0,0
"Gibson, Summer",5,77.5,45.9,2025-09-05 to 2026-02-07,4/18/2026,Occidental,0,0,0,0,0,0,0
"Gibson, Summer",5,77.5,45.9,2025-09-05 to 2026-02-07,4/18/2026,Occidental,0,0,0,0,0,0,0
"Gibson, Summer",5,77.5,45.9,2025-09-05 to 2026-02-07,4/24/2026,La Verne,1,0,0,0,0,0,0
"Gibson, Summer",5,77.5,45.9,2025-09-05 to 2026-02-07,4/25/2026,La Verne,0,0,0,0,0,0,0
"Gibson, Summer",5,77.5,45.9,2025-09-05 to 2026-02-07,5/1/2026,Redlands,0,0,0,0,0,0,0
"Nguyen, Jiselle",4,52.0,48.0,2025-09-13 to 2026-02-07,2/14/2026,Claremont-M-S,3,0,0,0,0,0,0
"Nguyen, Jiselle",4,52.0,48.0,2025-09-13 to 2026-02-07,2/27/2026,Lewis & Clark,2,0,1,0,0,0,0
"Springer, Nyla",5,82.4,54.9,2025-09-05 to 2026-02-07,2/13/2026,Claremont-M-S,0,0,0,0,0,0,0
"Springer, Nyla",5,82.4,54.9,2025-09-05 to 2026-02-07,2/14/2026,Claremont-M-S,2,0,0,0,0,0,0
"Springer, Nyla",5,82.4,54.9,2025-09-05 to 2026-02-07,2/27/2026,Lewis & Clark,0,0,0,0,0,0,0
"Springer, Nyla",5,82.4,54.9,2025-09-05 to 2026-02-07,2/28/2026,Linfield,0,0,0,0,0,0,0
"Springer, Nyla",5,82.4,54.9,2025-09-05 to 2026-02-07,3/6/2026,Saint Benedict,0,0,0,0,0,0,0
"Springer, Nyla",5,82.4,54.9,2025-09-05 to 2026-02-07,3/6/2026,Saint Mary's (Minn.),0,0,0,0,0,0,0
"Springer, Nyla",5,82.4,54.9,2025-09-05 to 2026-02-07,3/7/2026,East Tex. Baptist,0,0,0,0,0,0,0
"Springer, Nyla",5,82.4,54.9,2025-09-05 to 2026-02-07,3/8/2026,Pfeiffer,0,0,0,0,0,0,0
"Springer, Nyla",5,82.4,54.9,2025-09-05 to 2026-02-07,3/13/2026,Pacific Lutheran,0,0,0,0,0,0,0
"Springer, Nyla",5,82.4,54.9,2025-09-05 to 2026-02-07,3/14/2026,Hamline,0,0,0,0,0,0,0
"Springer, Nyla",5,82.4,54.9,2025-09-05 to 2026-02-07,3/14/2026,Hamline,0,0,0,0,0,0,0
"Springer, Nyla",5,82.4,54.9,2025-09-05 to 2026-02-07,3/17/2026,Redlands,0,0,0,0,0,0,0
"Springer, Nyla",5,82.4,54.9,2025-09-05 to 2026-02-07,3/20/2026,Cal Lutheran,0,0,0,0,0,0,0
"Springer, Nyla",5,82.4,54.9,2025-09-05 to 2026-02-07,3/28/2026,Williams,0,0,0,0,0,0,0
"Springer, Nyla",5,82.4,54.9,2025-09-05 to 2026-02-07,4/3/2026,Chapman,0,0,0,0,0,0,0
"Springer, Nyla",5,82.4,54.9,2025-09-05 to 2026-02-07,4/4/2026,Chapman,0,0,0,0,0,0,0
"Springer, Nyla",5,82.4,54.9,2025-09-05 to 2026-02-07,4/10/2026,Whittier,0,0,0,0,0,0,0
"Springer, Nyla",5,82.4,54.9,2025-09-05 to 2026-02-07,4/11/2026,Whittier,0,0,0,0,0,0,0
"Springer, Nyla",5,82.4,54.9,2025-09-05 to 2026-02-07,4/11/2026,Whittier,0,0,0,0,0,0,0
"Springer, Nyla",5,82.4,54.9,2025-09-05 to 2026-02-07,4/17/2026,Occidental,0,0,0,0,0,0,0
"Springer, Nyla",5,82.4,54.9,2025-09-05 to 2026-02-07,4/18/2026,Occidental,0,0,0,0,0,0,0
"Springer, Nyla",5,82.4,54.9,2025-09-05 to 2026-02-07,4/25/2026,La Verne,0,0,0,0,0,0,0
"Springer, Nyla",5,82.4,54.9,2025-09-05 to 2026-02-07,4/25/2026,La Verne,0,0,0,0,0,0,0
"Springer, Nyla",5,82.4,54.9,2025-09-05 to 2026-02-07,5/1/2026,Redlands,0,0,0,0,0,0,0
"Springer, Nyla",5,82.4,54.9,2025-09-05 to 2026-02-07,5/2/2026,Redlands,0,0,0,0,0,0,0
"Springer, Nyla",5,82.4,54.9,2025-09-05 to 2026-02-07,5/2/2026,Redlands,0,0,0,0,0,0,0
