player,fall2025_pitch_n_sessions,fall2025_pitch_avg_spin_rate,fall2025_pitch_avg_velo,fall2025_pitch_date_range,game_date,opponent,game_ip,game_h,game_r,game_er,game_bb,game_so
"Bautista, Ava",8,1073.8,51.1,2025-09-05 to 2025-11-15,2/14/2026,Claremont-M-S,0.1,0,0,0,0,0
"Bautista, Ava",8,1073.8,51.1,2025-09-05 to 2025-11-15,2/14/2026,Claremont-M-S,4.1,5,2,2,1,1
"Bautista, Ava",8,1073.8,51.1,2025-09-05 to 2025-11-15,2/28/2026,Linfield,3.0,5,4,3,0,2
"Bautista, Ava",8,1073.8,51.1,2025-09-05 to 2025-11-15,2/28/2026,Linfield,1.0,1,1,0,2,1
"Bautista, Ava",8,1073.8,51.1,2025-09-05 to 2025-11-15,3/6/2026,Saint Benedict,6.1,8,4,3,0,7
"Bautista, Ava",8,1073.8,51.1,2025-09-05 to 2025-11-15,3/7/2026,East Tex. Baptist,2.0,3,2,2,0,0
"Bautista, Ava",8,1073.8,51.1,2025-09-05 to 2025-11-15,3/8/2026,Denison,0.0,1,0,0,0,0
"Bautista, Ava",8,1073.8,51.1,2025-09-05 to 2025-11-15,3/8/2026,Pfeiffer,3.2,6,3,3,1,3
"Bautista, Ava",8,1073.8,51.1,2025-09-05 to 2025-11-15,3/14/2026,Hamline,4.2,7,6,5,1,2
"Bautista, Ava",8,1073.8,51.1,2025-09-05 to 2025-11-15,3/21/2026,Cal Lutheran,7.0,8,4,3,1,2
"Bautista, Ava",8,1073.8,51.1,2025-09-05 to 2025-11-15,3/28/2026,Williams,2.2,0,0,0,0,2
"Bautista, Ava",8,1073.8,51.1,2025-09-05 to 2025-11-15,4/4/2026,Chapman,6.0,6,2,0,1,5
"Lopez, Mia",7,1033.6,53.2,2025-09-05 to 2025-11-13,2/27/2026,Lewis & Clark,0.1,3,4,3,1,0
"Lopez, Mia",7,1033.6,53.2,2025-09-05 to 2025-11-13,03/07/2026,Mount Union,7.0,7,5,1,5,4
"Lopez, Mia",7,1033.6,53.2,2025-09-05 to 2025-11-13,3/8/2026,Denison,3.2,9,6,6,1,0
"Lopez, Mia",7,1033.6,53.2,2025-09-05 to 2025-11-13,3/13/2026,Pacific Lutheran,2.1,2,2,1,2,1
"Lopez, Mia",7,1033.6,53.2,2025-09-05 to 2025-11-13,3/14/2026,Hamline,1.2,1,0,0,0,0
"Lopez, Mia",7,1033.6,53.2,2025-09-05 to 2025-11-13,3/18/2026,Oneonta,5.0,4,0,0,1,6
"Lopez, Mia",7,1033.6,53.2,2025-09-05 to 2025-11-13,3/20/2026,Cal Lutheran,3.0,3,0,0,0,1
"Lopez, Mia",7,1033.6,53.2,2025-09-05 to 2025-11-13,3/28/2026,Williams,0.1,2,0,0,0,0
"Lopez, Mia",7,1033.6,53.2,2025-09-05 to 2025-11-13,3/28/2026,Williams,6.1,4,0,0,2,4
"Lopez, Mia",7,1033.6,53.2,2025-09-05 to 2025-11-13,4/4/2026,Chapman,1.2,1,1,0,2,3
"Lopez, Mia",7,1033.6,53.2,2025-09-05 to 2025-11-13,4/10/2026,Whittier,1.1,3,2,2,2,0
"Lopez, Mia",7,1033.6,53.2,2025-09-05 to 2025-11-13,4/11/2026,Whittier,1.0,4,3,2,0,0
"Lopez, Mia",7,1033.6,53.2,2025-09-05 to 2025-11-13,4/18/2026,Occidental,5.0,2,1,1,3,3
"Lopez, Mia",7,1033.6,53.2,2025-09-05 to 2025-11-13,4/25/2026,La Verne,3.1,6,7,6,1,0
"Lopez, Mia",7,1033.6,53.2,2025-09-05 to 2025-11-13,5/2/2026,Redlands,0.1,2,4,4,2,0
"Reimers, Audrey",13,1030.3,55.5,2025-09-05 to 2025-11-19,2/13/2026,Claremont-M-S,5.0,4,2,1,3,1
"Reimers, Audrey",13,1030.3,55.5,2025-09-05 to 2025-11-19,2/14/2026,Claremont-M-S,3.1,5,3,1,1,0
"Reimers, Audrey",13,1030.3,55.5,2025-09-05 to 2025-11-19,2/27/2026,Lewis & Clark,5.0,4,0,0,0,4
"Reimers, Audrey",13,1030.3,55.5,2025-09-05 to 2025-11-19,2/28/2026,Linfield,4.0,10,10,10,4,1
"Reimers, Audrey",13,1030.3,55.5,2025-09-05 to 2025-11-19,3/6/2026,Saint Mary's (Minn.),7.0,8,2,1,2,2
"Reimers, Audrey",13,1030.3,55.5,2025-09-05 to 2025-11-19,3/7/2026,East Tex. Baptist,2.2,4,5,5,2,2
"Reimers, Audrey",13,1030.3,55.5,2025-09-05 to 2025-11-19,3/8/2026,Denison,1.0,4,3,3,1,0
"Reimers, Audrey",13,1030.3,55.5,2025-09-05 to 2025-11-19,3/8/2026,Pfeiffer,2.1,5,3,3,0,2
"Reimers, Audrey",13,1030.3,55.5,2025-09-05 to 2025-11-19,3/13/2026,Pacific Lutheran,4.2,7,4,3,0,3
"Reimers, Audrey",13,1030.3,55.5,2025-09-05 to 2025-11-19,3/18/2026,Oneonta,5.0,4,2,2,3,1
"Reimers, Audrey",13,1030.3,55.5,2025-09-05 to 2025-11-19,3/21/2026,Cal Lutheran,6.0,6,1,0,0,2
"Reimers, Audrey",13,1030.3,55.5,2025-09-05 to 2025-11-19,3/28/2026,Williams,3.2,5,6,5,3,0
"Reimers, Audrey",13,1030.3,55.5,2025-09-05 to 2025-11-19,4/4/2026,Chapman,6.1,7,4,2,1,3
"Reimers, Audrey",13,1030.3,55.5,2025-09-05 to 2025-11-19,4/10/2026,Whittier,3.1,5,3,3,1,1
"Reimers, Audrey",13,1030.3,55.5,2025-09-05 to 2025-11-19,4/11/2026,Whittier,1.1,4,4,3,0,0
"Reimers, Audrey",13,1030.3,55.5,2025-09-05 to 2025-11-19,4/11/2026,Whittier,1.2,2,1,1,0,2
"Reimers, Audrey",13,1030.3,55.5,2025-09-05 to 2025-11-19,4/18/2026,Occidental,7.0,4,0,0,1,1
"Reimers, Audrey",13,1030.3,55.5,2025-09-05 to 2025-11-19,4/24/2026,La Verne,6.0,4,2,2,0,1
"Reimers, Audrey",13,1030.3,55.5,2025-09-05 to 2025-11-19,4/25/2026,La Verne,1.1,1,0,0,1,0
"Reimers, Audrey",13,1030.3,55.5,2025-09-05 to 2025-11-19,5/1/2026,Redlands,3.0,6,4,4,2,0
"Reimers, Audrey",13,1030.3,55.5,2025-09-05 to 2025-11-19,5/2/2026,Redlands,3.0,6,2,0,0,3
"Reimers, Audrey",13,1030.3,55.5,2025-09-05 to 2025-11-19,5/2/2026,Redlands,3.0,8,6,5,1,2
"Springer, Nyla",3,1009.3,53.6,2025-10-25 to 2025-11-15,2/13/2026,Claremont-M-S,2.0,3,2,2,1,2
"Springer, Nyla",3,1009.3,53.6,2025-10-25 to 2025-11-15,2/14/2026,Claremont-M-S,6.2,8,3,3,1,0
"Springer, Nyla",3,1009.3,53.6,2025-10-25 to 2025-11-15,2/27/2026,Lewis & Clark,6.2,7,3,3,1,1
"Springer, Nyla",3,1009.3,53.6,2025-10-25 to 2025-11-15,2/28/2026,Linfield,4.0,8,7,6,2,1
"Springer, Nyla",3,1009.3,53.6,2025-10-25 to 2025-11-15,3/6/2026,Saint Benedict,0.2,4,5,5,2,1
"Springer, Nyla",3,1009.3,53.6,2025-10-25 to 2025-11-15,3/7/2026,East Tex. Baptist,1.1,3,0,0,0,0
"Springer, Nyla",3,1009.3,53.6,2025-10-25 to 2025-11-15,3/8/2026,Pfeiffer,1.0,2,1,1,3,0
"Springer, Nyla",3,1009.3,53.6,2025-10-25 to 2025-11-15,3/13/2026,Pacific Lutheran,7.0,12,8,6,2,3
"Springer, Nyla",3,1009.3,53.6,2025-10-25 to 2025-11-15,3/14/2026,Hamline,2.1,1,0,0,2,1
"Springer, Nyla",3,1009.3,53.6,2025-10-25 to 2025-11-15,3/14/2026,Hamline,3.1,3,1,1,3,0
"Springer, Nyla",3,1009.3,53.6,2025-10-25 to 2025-11-15,3/17/2026,Redlands,7.1,4,3,1,1,1
"Springer, Nyla",3,1009.3,53.6,2025-10-25 to 2025-11-15,3/20/2026,Cal Lutheran,4.0,6,4,3,2,2
"Springer, Nyla",3,1009.3,53.6,2025-10-25 to 2025-11-15,3/28/2026,Williams,1.0,3,3,3,2,0
"Springer, Nyla",3,1009.3,53.6,2025-10-25 to 2025-11-15,4/3/2026,Chapman,7.0,4,0,0,2,0
"Springer, Nyla",3,1009.3,53.6,2025-10-25 to 2025-11-15,4/4/2026,Chapman,1.0,1,0,0,0,0
"Springer, Nyla",3,1009.3,53.6,2025-10-25 to 2025-11-15,4/10/2026,Whittier,1.0,6,7,5,2,0
"Springer, Nyla",3,1009.3,53.6,2025-10-25 to 2025-11-15,4/11/2026,Whittier,4.2,3,0,0,1,2
"Springer, Nyla",3,1009.3,53.6,2025-10-25 to 2025-11-15,4/11/2026,Whittier,5.1,6,3,3,3,0
"Springer, Nyla",3,1009.3,53.6,2025-10-25 to 2025-11-15,4/17/2026,Occidental,7.0,3,0,0,2,1
"Springer, Nyla",3,1009.3,53.6,2025-10-25 to 2025-11-15,4/18/2026,Occidental,2.0,4,3,3,1,0
"Springer, Nyla",3,1009.3,53.6,2025-10-25 to 2025-11-15,4/25/2026,La Verne,6.0,4,2,2,0,1
"Springer, Nyla",3,1009.3,53.6,2025-10-25 to 2025-11-15,4/25/2026,La Verne,2.1,4,2,2,0,0
"Springer, Nyla",3,1009.3,53.6,2025-10-25 to 2025-11-15,5/1/2026,Redlands,5.0,8,3,3,0,1
"Springer, Nyla",3,1009.3,53.6,2025-10-25 to 2025-11-15,5/2/2026,Redlands,0.2,4,4,4,3,0
"Springer, Nyla",3,1009.3,53.6,2025-10-25 to 2025-11-15,5/2/2026,Redlands,3.0,5,3,2,3,0
