Player,rapsodo_Age,rapsodo_Velocity Max,rapsodo_Velocity Avg,rapsodo_Launch Angle Avg,rapsodo_Distance Max,rapsodo_Distance Avg,rapsodo_Spin Rate Avg,rapsodo_Spin Dir. Avg,match_key,blast_first_name,blast_last_name,blast_swing_count,blast_bat_speed_mph,blast_peak_hand_speed_mph,blast_rotational_acceleration_g,blast_power_kw,blast_on_plane_efficiency_pct,blast_attack_angle_deg,blast_vert_bat_angle_deg,blast_time_to_contact_s,blast_commit_time_s,blast_early_connection_deg,blast_player_name,charts643_jersey_num,charts643_batter,charts643_PA,charts643_AB,charts643_BA,charts643_OBP,charts643_SLG,charts643_OPS,charts643_H,charts643_2B,charts643_3B,charts643_HR,charts643_K,charts643_BB,charts643_HBP,charts643_R,charts643_GDP,charts643_P_per_PA,charts643_F_Swing_pct,charts643_Take_1K_pct,charts643_Swing_pct,charts643_Whiff_pct
kylie liu,21,77.2,0,0,258,0,0,-,kylie liu,NA,NA,NA,NA,NA,NA,NA,NA,NA,NA,NA,NA,NA,NA,NA,NA,NA,NA,NA,NA,NA,NA,NA,NA,NA,NA,NA,NA,NA,NA,NA,NA,NA,NA,NA,NA
claire sefkow,22,94.1,0,0,240,0,0,-,claire sefkow,NA,NA,NA,NA,NA,NA,NA,NA,NA,NA,NA,NA,NA,NA,NA,NA,NA,NA,NA,NA,NA,NA,NA,NA,NA,NA,NA,NA,NA,NA,NA,NA,NA,NA,NA,NA
natalie murguia,21,93,0,0,213,0,0,-,natalie murguia,NA,NA,NA,NA,NA,NA,NA,NA,NA,NA,NA,NA,NA,NA,NA,NA,NA,NA,NA,NA,NA,NA,NA,NA,NA,NA,NA,NA,NA,NA,NA,NA,NA,NA,NA,NA
mia lopez,22,79.2,0,0,215,0,0,-,mia lopez,NA,NA,NA,NA,NA,NA,NA,NA,NA,NA,NA,NA,NA,NA,NA,NA,NA,NA,NA,NA,NA,NA,NA,NA,NA,NA,NA,NA,NA,NA,NA,NA,NA,NA,NA,NA
Devin Waddell,24,82.9,0,0,283,0,0,-,devin waddell,NA,NA,NA,NA,NA,NA,NA,NA,NA,NA,NA,NA,NA,NA,NA,NA,NA,NA,NA,NA,NA,NA,NA,NA,NA,NA,NA,NA,NA,NA,NA,NA,NA,NA,NA,NA
brooke bullis,21,71.2,0,0,232,0,0,-,brooke bullis,NA,NA,NA,NA,NA,NA,NA,NA,NA,NA,NA,NA,NA,NA,NA,NA,NA,NA,NA,NA,NA,NA,NA,NA,NA,NA,NA,NA,NA,NA,NA,NA,NA,NA,NA,NA
Nyla Springer,21,73.9,0,0,222,0,0,-,nyla springer,NA,NA,NA,NA,NA,NA,NA,NA,NA,NA,NA,NA,NA,NA,NA,NA,NA,NA,NA,NA,NA,NA,NA,NA,NA,NA,NA,NA,NA,NA,NA,NA,NA,NA,NA,NA
Sophia Roberts,21,116.4,0,0,239,0,0,-,sophia roberts,NA,NA,NA,NA,NA,NA,NA,NA,NA,NA,NA,NA,NA,NA,NA,NA,NA,NA,NA,NA,NA,NA,NA,NA,NA,NA,NA,NA,NA,NA,NA,NA,NA,NA,NA,NA
Marie Milton,21,82.8,0,0,243,0,0,-,marie milton,NA,NA,NA,NA,NA,NA,NA,NA,NA,NA,NA,NA,NA,NA,24,Marie Milton,85,73,0.288,0.333,0.397,0.731,21,3,1,1,11,6,0,15,0,3.67,51.9,34.6,52.5,15.4
summer gibson,21,76.4,0,0,218,0,0,-,summer gibson,NA,NA,NA,NA,NA,NA,NA,NA,NA,NA,NA,NA,NA,NA,NA,NA,NA,NA,NA,NA,NA,NA,NA,NA,NA,NA,NA,NA,NA,NA,NA,NA,NA,NA,NA,NA
Audrey Reimers,20,74.6,0,0,225,0,0,-,audrey reimers,Audrey,Reimers,60,58.84,18.07,15.56,2.13,75.9,9.01,-33.74,0.159,0.083,97.1,Audrey Reimers,15,Audrey Reimers,119,111,0.279,0.319,0.351,0.671,31,5,0,1,13,6,1,17,0,2.86,43.9,36.8,47.7,7.7
Jiselle Nguyen,20,67.9,0,0,182,0,0,-,jiselle nguyen,NA,NA,NA,NA,NA,NA,NA,NA,NA,NA,NA,NA,NA,NA,NA,NA,NA,NA,NA,NA,NA,NA,NA,NA,NA,NA,NA,NA,NA,NA,NA,NA,NA,NA,NA,NA
Violet Burnham,21,98.2,0,0,236,0,0,-,violet burnham,NA,NA,NA,NA,NA,NA,NA,NA,NA,NA,NA,NA,NA,NA,NA,NA,NA,NA,NA,NA,NA,NA,NA,NA,NA,NA,NA,NA,NA,NA,NA,NA,NA,NA,NA,NA
Gianna Phillips,19,76.1,0,0,246,0,0,-,gianna phillips,Gianna,Phillips,34,55.57,17.25,5.92,1.77,61.8,9.77,-28.69,0.179,0.114,111.49,Gianna Phillips,12,Gianna Phillips,114,107,0.28,0.304,0.364,0.668,30,9,0,0,9,4,0,9,0,3.26,38.5,44.7,46.5,15.3
Sadie Huryn,19,70.7,0,0,187,0,0,-,sadie huryn,Sadie,Huryn,152,56.78,15.75,9.38,1.93,80.8,7.53,-28.86,0.157,0.075,95.51,Sadie Huryn,8,Sadie Huryn,143,118,0.305,0.403,0.364,0.767,36,5,1,0,5,15,5,30,0,3.02,27.7,46.7,40.6,12.1
Ava Bautista,19,76.5,0,0,285,0,0,-,ava bautista,NA,NA,NA,NA,NA,NA,NA,NA,NA,NA,NA,NA,NA,NA,NA,NA,NA,NA,NA,NA,NA,NA,NA,NA,NA,NA,NA,NA,NA,NA,NA,NA,NA,NA,NA,NA
Yuri Song,19,72.2,0,0,140,0,0,-,yuri song,Yuri,Song,55,52.54,18.66,16.85,1.89,81.8,1.33,-34.79,0.144,0.062,86.39,Yuri Song,7,Yuri Song,129,120,0.3,0.333,0.358,0.692,36,3,2,0,12,6,0,22,0,3.72,17.9,69.2,42.6,12.9
Maya Grande,19,69.2,0,0,171,0,0,-,maya grande,NA,NA,NA,NA,NA,NA,NA,NA,NA,NA,NA,NA,NA,NA,4,Maya Grande,18,16,0.25,0.333,0.25,0.583,4,0,0,0,1,2,0,5,0,3.17,16.7,33.3,47.4,0
Yuri Song,19,82.6,0,0,215,0,0,-,yuri song,Yuri,Song,55,52.54,18.66,16.85,1.89,81.8,1.33,-34.79,0.144,0.062,86.39,Yuri Song,7,Yuri Song,129,120,0.3,0.333,0.358,0.692,36,3,2,0,12,6,0,22,0,3.72,17.9,69.2,42.6,12.9
