Player,Age,Velocity Max,Velocity Avg,Launch Angle Avg,Distance Max,Distance Avg,Spin Rate Avg,Spin Dir. Avg
kylie liu,21,77.2,0.0,0.0,258,0,0,-
claire sefkow,22,94.1,0.0,0.0,240,0,0,-
natalie murguia,21,93.0,0.0,0.0,213,0,0,-
mia lopez,22,79.2,0.0,0.0,215,0,0,-
Devin Waddell,24,82.9,0.0,0.0,283,0,0,-
brooke bullis,21,71.2,0.0,0.0,232,0,0,-
Nyla Springer,21,73.9,0.0,0.0,222,0,0,-
Sophia Roberts,21,116.4,0.0,0.0,239,0,0,-
Marie Milton,21,82.8,0.0,0.0,243,0,0,-
summer gibson,21,76.4,0.0,0.0,218,0,0,-
Audrey Reimers,20,74.6,0.0,0.0,225,0,0,-
Jiselle Nguyen,20,67.9,0.0,0.0,182,0,0,-
Violet Burnham,21,98.2,0.0,0.0,236,0,0,-
Gianna Phillips,19,76.1,0.0,0.0,246,0,0,-
Sadie Huryn,19,70.7,0.0,0.0,187,0,0,-
Ava Bautista,19,76.5,0.0,0.0,285,0,0,-
Yuri Song,19,72.2,0.0,0.0,140,0,0,-
Maya Grande,19,69.2,0.0,0.0,171,0,0,-
Yuri Song,19,82.6,0.0,0.0,215,0,0,-