player,fall2025_hit_n_sessions,fall2025_hit_avg_distance,fall2025_hit_avg_exit_velo,fall2025_hit_date_range,fall2025_pitch_n_sessions,fall2025_pitch_avg_spin_rate,fall2025_pitch_avg_velo,fall2025_pitch_date_range,y2026_avg,y2026_ops,y2026_ab,y2026_hr,y2026_rbi,y2026_sb_att,y2026_era,y2026_whip,y2026_ip,y2026_so
"Liu, Kylie",3,83.5,53.6,2025-09-05 to 2025-09-13,0,,,,.395,1.240,114,9,32,0-0,,,,
"Murguia, Natalie",0,,,,0,,,,.393,.921,112,0,27,0-1,,,,
"Huryn, Sadie",0,,,,0,,,,.320,.794,122,0,10,14-16,,,,
"Sefkow, Claire",0,,,,0,,,,.309,.776,97,2,18,6-6,,,,
"Song, Yuri",0,,,,0,,,,.300,.691,120,0,14,9-10,,,,
"Milton, Marie",0,,,,0,,,,.288,.730,73,1,9,1-1,,,,
"Phillips, Gianna",0,,,,0,,,,.282,.677,110,0,20,0-0,,,,
"Reimers, Audrey",0,,,,13,1030.3,55.5,2025-09-05 to 2025-11-19,.281,.671,114,1,19,3-4,4.41,1.62,85.2,31
"Roberts, Sophia",0,,,,0,,,,.217,.596,83,1,9,0-0,,,,
"Bautista, Ava",1,170.0,58.8,2025-09-05 to 2025-09-05,8,1073.8,51.1,2025-09-05 to 2025-11-15,.300,.717,40,0,5,0-0,3.59,1.39,41.0,25
"Grande, Maya",0,,,,0,,,,.250,.583,16,0,1,1-1,,,,
"Burnham, Violet",0,,,,0,,,,.242,.688,33,0,4,0-0,,,,
"Gibson, Summer",0,,,,0,,,,.162,.373,37,0,2,2-4,,,,
"Nguyen, Jiselle",0,,,,0,,,,.000,.000,5,0,0,0-0,,,,
"Springer, Nyla",0,,,,3,1009.3,53.6,2025-10-25 to 2025-11-15,.000,.000,2,0,0,0-0,4.40,1.68,92.1,17
"Lopez, Mia",0,,,,7,1033.6,53.2,2025-09-05 to 2025-11-13,.000,.000,1,0,0,0-0,4.30,1.77,42.1,22
