number,player,avg,ops,gp_gs,ab,r,h,2b,3b,hr,rbi,tb,slg_pct,bb,hbp,so,gdp,ob_pct,sf,sh,sb_att
17,"Liu, Kylie",.395,1.240,40-40,114,28,45,12,0,9,32,84,.737,25,2,11,0,.503,2,0,0-0
1,"Murguia, Natalie",.393,.921,39-39,112,17,44,8,2,0,27,56,.500,5,2,10,0,.421,2,3,0-1
8,"Huryn, Sadie",.320,.794,40-40,122,33,39,5,1,0,10,46,.377,15,6,5,0,.417,1,4,14-16
11,"Sefkow, Claire",.309,.776,38-37,97,17,30,6,0,2,18,42,.433,5,1,13,0,.343,2,2,6-6
7,"Song, Yuri",.300,.691,37-37,120,22,36,3,2,0,14,43,.358,6,0,12,0,.333,0,3,9-10
24,"Milton, Marie",.288,.730,36-26,73,15,21,3,1,1,9,29,.397,6,0,11,0,.333,2,4,1-1
12,"Phillips, Gianna",.282,.677,34-34,110,9,31,9,0,0,20,40,.364,5,0,9,0,.313,0,3,0-0
15,"Reimers, Audrey",.281,.671,39-36,114,17,32,5,0,1,19,40,.351,6,1,13,0,.320,1,0,3-4
13,"Roberts, Sophia",.217,.596,32-30,83,6,18,5,0,1,9,26,.313,7,1,24,0,.283,1,0,0-0
22,"Bautista, Ava",.300,.717,24-15,40,5,12,0,2,0,5,16,.400,0,1,8,0,.317,0,0,0-0
4,"Grande, Maya",.250,.583,19-6,16,5,4,0,0,0,1,4,.250,2,0,1,0,.333,0,0,1-1
5,"Burnham, Violet",.242,.688,12-12,33,5,8,0,2,0,4,12,.364,4,0,1,0,.324,0,1,0-0
9,"Gibson, Summer",.162,.373,24-18,37,6,6,1,0,0,2,7,.189,1,0,10,0,.184,0,7,2-4
14,"Nguyen, Jiselle",.000,.000,2-2,5,1,0,0,0,0,0,0,.000,0,0,1,0,.000,0,1,0-0
23,"Springer, Nyla",.000,.000,26-15,2,0,0,0,0,0,0,0,.000,0,0,0,0,.000,0,1,0-0
19,"Lopez, Mia",.000,.000,16-10,1,0,0,0,0,0,0,0,.000,0,0,1,0,.000,0,0,0-0
