number,player,c,po,a,e,fld_pct,dp,sba,csb,pb,ci
9,"Gibson, Summer",31,29,2,0,1.000,0,0,0,0,0
4,"Grande, Maya",5,3,2,0,1.000,0,0,0,0,0
13,"Roberts, Sophia",227,217,6,4,.982,4,0,0,0,0
1,"Murguia, Natalie",61,55,4,2,.967,1,0,0,0,0
7,"Song, Yuri",89,79,7,3,.966,0,24,3,1,0
24,"Milton, Marie",28,9,18,1,.964,0,0,0,0,0
5,"Burnham, Violet",27,26,0,1,.963,0,0,0,0,0
15,"Reimers, Audrey",64,33,28,3,.953,1,25,7,0,0
17,"Liu, Kylie",210,143,57,10,.952,3,12,4,1,0
8,"Huryn, Sadie",155,76,71,8,.948,2,0,0,0,0
11,"Sefkow, Claire",140,38,92,10,.929,2,0,0,0,0
12,"Phillips, Gianna",108,60,38,10,.907,0,18,4,1,0
23,"Springer, Nyla",27,1,23,3,.889,0,15,1,0,0
22,"Bautista, Ava",26,13,10,3,.885,0,4,1,0,0
19,"Lopez, Mia",8,2,5,1,.875,0,8,2,0,0
14,"Nguyen, Jiselle",0,0,0,0,.000,0,0,0,0,0
