player,date,opponent,h,ab,r,2b,3b,hr,rbi
"Liu, Kylie",2/13/2026,Claremont-M-S,1,3,0,0,0,0,1
"Liu, Kylie",2/14/2026,Claremont-M-S,2,4,0,1,0,0,2
"Liu, Kylie",2/14/2026,Claremont-M-S,1,2,0,0,0,0,1
"Liu, Kylie",2/27/2026,Lewis & Clark,2,4,2,0,0,2,5
"Liu, Kylie",2/27/2026,Lewis & Clark,0,1,1,0,0,0,0
"Liu, Kylie",2/28/2026,Linfield,1,2,0,0,0,0,0
"Liu, Kylie",2/28/2026,Linfield,1,2,1,0,0,0,0
"Liu, Kylie",3/6/2026,Saint Benedict,1,3,0,0,0,0,0
"Liu, Kylie",3/6/2026,Saint Mary's (Minn.),0,2,0,0,0,0,0
"Liu, Kylie",3/7/2026,East Tex. Baptist,0,2,1,0,0,0,0
"Liu, Kylie",03/07/2026,Mount Union,3,4,1,1,0,0,0
"Liu, Kylie",3/8/2026,Denison,1,1,0,0,0,0,0
"Liu, Kylie",3/8/2026,Pfeiffer,0,3,0,0,0,0,0
"Liu, Kylie",3/13/2026,Pacific Lutheran,1,4,1,0,0,1,1
"Liu, Kylie",3/13/2026,Pacific Lutheran,2,4,0,0,0,0,1
"Liu, Kylie",3/14/2026,Hamline,2,4,1,0,0,0,1
"Liu, Kylie",3/14/2026,Hamline,1,3,1,0,0,0,1
"Liu, Kylie",3/17/2026,Redlands,1,3,1,0,0,1,1
"Liu, Kylie",3/18/2026,Oneonta,3,3,3,1,0,2,3
"Liu, Kylie",3/18/2026,Oneonta,0,2,1,0,0,0,0
"Liu, Kylie",3/20/2026,Cal Lutheran,1,3,0,1,0,0,0
"Liu, Kylie",3/21/2026,Cal Lutheran,2,2,2,2,0,0,1
"Liu, Kylie",3/21/2026,Cal Lutheran,0,4,0,0,0,0,1
"Liu, Kylie",3/28/2026,Williams,0,2,0,0,0,0,0
"Liu, Kylie",3/28/2026,Williams,1,3,0,0,0,0,0
"Liu, Kylie",4/3/2026,Chapman,2,3,0,0,0,0,1
"Liu, Kylie",4/4/2026,Chapman,0,4,0,0,0,0,0
"Liu, Kylie",4/4/2026,Chapman,0,3,0,0,0,0,1
"Liu, Kylie",4/10/2026,Whittier,0,2,1,0,0,0,0
"Liu, Kylie",4/11/2026,Whittier,3,4,1,1,0,1,2
"Liu, Kylie",4/11/2026,Whittier,0,3,0,0,0,0,0
"Liu, Kylie",4/17/2026,Occidental,1,1,2,0,0,1,1
"Liu, Kylie",4/18/2026,Occidental,2,3,1,0,0,0,0
"Liu, Kylie",4/18/2026,Occidental,1,3,1,1,0,0,1
"Liu, Kylie",4/24/2026,La Verne,1,2,0,0,0,0,0
"Liu, Kylie",4/25/2026,La Verne,1,4,1,1,0,0,2
"Liu, Kylie",4/25/2026,La Verne,3,4,2,2,0,0,1
"Liu, Kylie",5/1/2026,Redlands,2,3,2,1,0,1,3
"Liu, Kylie",5/2/2026,Redlands,1,3,0,0,0,0,0
"Liu, Kylie",5/2/2026,Redlands,1,2,1,0,0,0,1
"Murguia, Natalie",2/13/2026,Claremont-M-S,2,2,1,0,0,0,0
"Murguia, Natalie",2/14/2026,Claremont-M-S,2,3,1,0,0,0,1
"Murguia, Natalie",2/14/2026,Claremont-M-S,0,3,0,0,0,0,0
"Murguia, Natalie",2/27/2026,Lewis & Clark,1,4,0,0,0,0,0
"Murguia, Natalie",2/27/2026,Lewis & Clark,0,2,0,0,0,0,1
"Murguia, Natalie",2/28/2026,Linfield,0,2,0,0,0,0,0
"Murguia, Natalie",2/28/2026,Linfield,1,3,0,0,0,0,0
"Murguia, Natalie",3/6/2026,Saint Benedict,0,3,0,0,0,0,1
"Murguia, Natalie",3/6/2026,Saint Mary's (Minn.),0,3,0,0,0,0,0
"Murguia, Natalie",3/7/2026,East Tex. Baptist,0,2,0,0,0,0,0
"Murguia, Natalie",3/8/2026,Denison,0,0,0,0,0,0,0
"Murguia, Natalie",3/8/2026,Pfeiffer,0,0,0,0,0,0,0
"Murguia, Natalie",3/13/2026,Pacific Lutheran,2,3,0,0,0,0,0
"Murguia, Natalie",3/13/2026,Pacific Lutheran,3,4,1,0,0,0,1
"Murguia, Natalie",3/14/2026,Hamline,3,3,1,1,1,0,2
"Murguia, Natalie",3/14/2026,Hamline,1,2,1,0,0,0,1
"Murguia, Natalie",3/17/2026,Redlands,1,4,0,1,0,0,1
"Murguia, Natalie",3/18/2026,Oneonta,1,3,1,0,0,0,1
"Murguia, Natalie",3/18/2026,Oneonta,1,3,1,0,0,0,1
"Murguia, Natalie",3/20/2026,Cal Lutheran,2,3,1,0,0,0,1
"Murguia, Natalie",3/21/2026,Cal Lutheran,1,2,1,0,0,0,2
"Murguia, Natalie",3/21/2026,Cal Lutheran,1,4,1,0,0,0,2
"Murguia, Natalie",3/28/2026,Williams,1,2,0,0,0,0,0
"Murguia, Natalie",3/28/2026,Williams,0,4,0,0,0,0,0
"Murguia, Natalie",4/3/2026,Chapman,1,3,0,0,0,0,1
"Murguia, Natalie",4/4/2026,Chapman,2,3,1,1,0,0,2
"Murguia, Natalie",4/4/2026,Chapman,1,3,1,1,0,0,0
"Murguia, Natalie",4/10/2026,Whittier,1,3,0,1,0,0,1
"Murguia, Natalie",4/11/2026,Whittier,2,4,2,1,0,0,0
"Murguia, Natalie",4/11/2026,Whittier,0,3,0,0,0,0,0
"Murguia, Natalie",4/17/2026,Occidental,1,4,0,0,0,0,2
"Murguia, Natalie",4/18/2026,Occidental,0,3,0,0,0,0,0
"Murguia, Natalie",4/18/2026,Occidental,1,4,1,1,0,0,0
"Murguia, Natalie",4/24/2026,La Verne,1,2,0,0,0,0,1
"Murguia, Natalie",4/25/2026,La Verne,4,5,1,0,1,0,2
"Murguia, Natalie",4/25/2026,La Verne,2,3,0,0,0,0,3
"Murguia, Natalie",5/1/2026,Redlands,3,3,1,0,0,0,0
"Murguia, Natalie",5/2/2026,Redlands,2,3,0,1,0,0,0
"Murguia, Natalie",5/2/2026,Redlands,0,2,0,0,0,0,0
"Huryn, Sadie",2/13/2026,Claremont-M-S,0,2,0,0,0,0,0
"Huryn, Sadie",2/14/2026,Claremont-M-S,1,4,1,0,0,0,0
"Huryn, Sadie",2/14/2026,Claremont-M-S,2,4,3,0,0,0,0
"Huryn, Sadie",2/27/2026,Lewis & Clark,1,3,1,0,0,0,0
"Huryn, Sadie",2/27/2026,Lewis & Clark,1,3,1,0,0,0,0
"Huryn, Sadie",2/28/2026,Linfield,0,4,0,0,0,0,0
"Huryn, Sadie",2/28/2026,Linfield,0,2,0,0,0,0,0
"Huryn, Sadie",3/6/2026,Saint Benedict,1,2,1,0,0,0,0
"Huryn, Sadie",3/6/2026,Saint Mary's (Minn.),1,3,0,0,0,0,0
"Huryn, Sadie",3/7/2026,East Tex. Baptist,0,3,0,0,0,0,0
"Huryn, Sadie",03/07/2026,Mount Union,1,3,3,0,0,0,1
"Huryn, Sadie",3/8/2026,Denison,0,2,0,0,0,0,0
"Huryn, Sadie",3/8/2026,Pfeiffer,1,3,1,0,0,0,0
"Huryn, Sadie",3/13/2026,Pacific Lutheran,1,3,0,0,0,0,0
"Huryn, Sadie",3/13/2026,Pacific Lutheran,0,4,0,0,0,0,0
"Huryn, Sadie",3/14/2026,Hamline,1,4,2,1,0,0,0
"Huryn, Sadie",3/14/2026,Hamline,0,3,1,0,0,0,0
"Huryn, Sadie",3/17/2026,Redlands,2,4,1,0,0,0,0
"Huryn, Sadie",3/18/2026,Oneonta,0,3,1,0,0,0,0
"Huryn, Sadie",3/18/2026,Oneonta,3,3,1,2,0,0,3
"Huryn, Sadie",3/20/2026,Cal Lutheran,1,4,1,0,0,0,0
"Huryn, Sadie",3/21/2026,Cal Lutheran,1,4,1,0,0,0,1
"Huryn, Sadie",3/21/2026,Cal Lutheran,3,3,2,0,0,0,1
"Huryn, Sadie",3/28/2026,Williams,0,1,0,0,0,0,0
"Huryn, Sadie",3/28/2026,Williams,2,4,0,0,0,0,0
"Huryn, Sadie",4/3/2026,Chapman,0,4,1,0,0,0,0
"Huryn, Sadie",4/4/2026,Chapman,2,3,0,0,0,0,0
"Huryn, Sadie",4/4/2026,Chapman,1,2,1,0,1,0,0
"Huryn, Sadie",4/10/2026,Whittier,1,3,0,1,0,0,2
"Huryn, Sadie",4/11/2026,Whittier,1,2,2,0,0,0,0
"Huryn, Sadie",4/11/2026,Whittier,3,3,0,1,0,0,0
"Huryn, Sadie",4/17/2026,Occidental,1,3,2,0,0,0,0
"Huryn, Sadie",4/18/2026,Occidental,2,4,1,0,0,0,0
"Huryn, Sadie",4/18/2026,Occidental,0,4,0,0,0,0,0
"Huryn, Sadie",4/24/2026,La Verne,1,2,1,0,0,0,0
"Huryn, Sadie",4/25/2026,La Verne,2,4,1,0,0,0,1
"Huryn, Sadie",4/25/2026,La Verne,0,2,1,0,0,0,0
"Huryn, Sadie",5/1/2026,Redlands,1,3,1,0,0,0,0
"Huryn, Sadie",5/2/2026,Redlands,0,2,0,0,0,0,0
"Huryn, Sadie",5/2/2026,Redlands,1,3,1,0,0,0,1
"Sefkow, Claire",2/13/2026,Claremont-M-S,0,0,0,0,0,0,0
"Sefkow, Claire",2/14/2026,Claremont-M-S,0,0,0,0,0,0,0
"Sefkow, Claire",2/14/2026,Claremont-M-S,0,0,0,0,0,0,0
"Sefkow, Claire",2/27/2026,Lewis & Clark,0,2,0,0,0,0,0
"Sefkow, Claire",2/27/2026,Lewis & Clark,0,0,0,0,0,0,0
"Sefkow, Claire",2/28/2026,Linfield,0,0,0,0,0,0,0
"Sefkow, Claire",2/28/2026,Linfield,0,0,0,0,0,0,0
"Sefkow, Claire",3/6/2026,Saint Benedict,1,2,1,0,0,0,2
"Sefkow, Claire",3/6/2026,Saint Mary's (Minn.),0,2,0,0,0,0,0
"Sefkow, Claire",3/7/2026,East Tex. Baptist,1,3,1,0,0,0,0
"Sefkow, Claire",03/07/2026,Mount Union,0,3,1,0,0,0,0
"Sefkow, Claire",3/8/2026,Denison,0,2,0,0,0,0,0
"Sefkow, Claire",3/13/2026,Pacific Lutheran,1,3,0,0,0,0,0
"Sefkow, Claire",3/13/2026,Pacific Lutheran,2,4,1,0,0,0,0
"Sefkow, Claire",3/14/2026,Hamline,1,2,2,0,0,0,1
"Sefkow, Claire",3/14/2026,Hamline,2,3,1,2,0,0,2
"Sefkow, Claire",3/17/2026,Redlands,2,4,0,0,0,0,0
"Sefkow, Claire",3/18/2026,Oneonta,2,3,1,0,0,0,1
"Sefkow, Claire",3/20/2026,Cal Lutheran,1,3,0,0,0,0,0
"Sefkow, Claire",3/21/2026,Cal Lutheran,2,4,1,0,0,1,3
"Sefkow, Claire",3/21/2026,Cal Lutheran,3,5,1,2,0,0,2
"Sefkow, Claire",3/28/2026,Williams,0,2,0,0,0,0,0
"Sefkow, Claire",3/28/2026,Williams,0,3,1,0,0,0,0
"Sefkow, Claire",4/3/2026,Chapman,0,3,0,0,0,0,0
"Sefkow, Claire",4/4/2026,Chapman,0,3,0,0,0,0,0
"Sefkow, Claire",4/4/2026,Chapman,1,2,0,0,0,0,0
"Sefkow, Claire",4/10/2026,Whittier,1,3,1,0,0,1,1
"Sefkow, Claire",4/11/2026,Whittier,1,4,1,0,0,0,1
"Sefkow, Claire",4/11/2026,Whittier,1,3,1,0,0,0,0
"Sefkow, Claire",4/17/2026,Occidental,1,2,0,1,0,0,2
"Sefkow, Claire",4/18/2026,Occidental,2,3,0,1,0,0,1
"Sefkow, Claire",4/18/2026,Occidental,1,3,1,0,0,0,0
"Sefkow, Claire",4/24/2026,La Verne,0,3,0,0,0,0,0
"Sefkow, Claire",4/25/2026,La Verne,2,5,1,0,0,0,1
"Sefkow, Claire",4/25/2026,La Verne,0,2,0,0,0,0,1
"Sefkow, Claire",5/1/2026,Redlands,0,4,0,0,0,0,0
"Sefkow, Claire",5/2/2026,Redlands,0,3,0,0,0,0,0
"Sefkow, Claire",5/2/2026,Redlands,2,4,1,0,0,0,0
"Song, Yuri",2/27/2026,Lewis & Clark,2,4,1,0,0,0,0
"Song, Yuri",2/27/2026,Lewis & Clark,0,2,1,0,0,0,0
"Song, Yuri",2/28/2026,Linfield,1,3,0,0,0,0,0
"Song, Yuri",2/28/2026,Linfield,0,3,0,0,0,0,0
"Song, Yuri",3/6/2026,Saint Benedict,1,4,0,0,0,0,1
"Song, Yuri",3/6/2026,Saint Mary's (Minn.),1,3,0,0,0,0,0
"Song, Yuri",3/7/2026,East Tex. Baptist,2,3,1,0,0,0,1
"Song, Yuri",03/07/2026,Mount Union,2,5,1,1,0,0,4
"Song, Yuri",3/8/2026,Denison,1,3,1,0,0,0,0
"Song, Yuri",3/8/2026,Pfeiffer,1,3,1,1,0,0,0
"Song, Yuri",3/13/2026,Pacific Lutheran,1,4,1,0,0,0,0
"Song, Yuri",3/13/2026,Pacific Lutheran,4,4,1,0,0,0,2
"Song, Yuri",3/14/2026,Hamline,3,4,0,0,0,0,0
"Song, Yuri",3/14/2026,Hamline,1,3,1,0,0,0,0
"Song, Yuri",3/17/2026,Redlands,2,4,0,0,0,0,0
"Song, Yuri",3/18/2026,Oneonta,1,4,0,0,0,0,1
"Song, Yuri",3/18/2026,Oneonta,3,4,3,0,0,0,1
"Song, Yuri",3/20/2026,Cal Lutheran,0,3,0,0,0,0,0
"Song, Yuri",3/21/2026,Cal Lutheran,1,2,2,1,0,0,0
"Song, Yuri",3/21/2026,Cal Lutheran,0,3,1,0,0,0,0
"Song, Yuri",3/28/2026,Williams,1,2,0,0,0,0,0
"Song, Yuri",3/28/2026,Williams,1,4,0,0,0,0,0
"Song, Yuri",4/3/2026,Chapman,1,4,1,0,0,0,0
"Song, Yuri",4/4/2026,Chapman,1,3,2,0,0,0,0
"Song, Yuri",4/4/2026,Chapman,1,3,1,0,0,0,0
"Song, Yuri",4/10/2026,Whittier,1,3,0,0,0,0,0
"Song, Yuri",4/11/2026,Whittier,0,4,0,0,0,0,0
"Song, Yuri",4/11/2026,Whittier,0,3,0,0,0,0,0
"Song, Yuri",4/17/2026,Occidental,1,3,1,0,1,0,1
"Song, Yuri",4/18/2026,Occidental,0,4,0,0,0,0,0
"Song, Yuri",4/18/2026,Occidental,1,3,0,0,1,0,3
"Song, Yuri",4/24/2026,La Verne,0,4,0,0,0,0,0
"Song, Yuri",4/25/2026,La Verne,1,3,2,0,0,0,0
"Song, Yuri",4/25/2026,La Verne,0,3,0,0,0,0,0
"Song, Yuri",5/1/2026,Redlands,0,4,0,0,0,0,0
"Song, Yuri",5/2/2026,Redlands,0,2,0,0,0,0,0
"Song, Yuri",5/2/2026,Redlands,0,0,0,0,0,0,0
"Milton, Marie",2/13/2026,Claremont-M-S,0,2,0,0,0,0,0
"Milton, Marie",2/14/2026,Claremont-M-S,0,3,0,0,0,0,0
"Milton, Marie",2/14/2026,Claremont-M-S,0,0,0,0,0,0,0
"Milton, Marie",2/27/2026,Lewis & Clark,0,1,0,0,0,0,0
"Milton, Marie",2/27/2026,Lewis & Clark,2,3,2,0,0,0,1
"Milton, Marie",2/28/2026,Linfield,0,1,0,0,0,0,0
"Milton, Marie",2/28/2026,Linfield,0,1,0,0,0,0,0
"Milton, Marie",3/6/2026,Saint Benedict,0,1,0,0,0,0,0
"Milton, Marie",3/6/2026,Saint Mary's (Minn.),0,1,0,0,0,0,0
"Milton, Marie",3/7/2026,East Tex. Baptist,0,1,0,0,0,0,0
"Milton, Marie",03/07/2026,Mount Union,0,3,1,0,0,0,0
"Milton, Marie",3/8/2026,Denison,0,2,0,0,0,0,0
"Milton, Marie",3/8/2026,Pfeiffer,0,1,0,0,0,0,0
"Milton, Marie",3/13/2026,Pacific Lutheran,0,1,0,0,0,0,0
"Milton, Marie",3/13/2026,Pacific Lutheran,1,4,1,1,0,0,0
"Milton, Marie",3/14/2026,Hamline,2,3,0,0,0,0,3
"Milton, Marie",3/14/2026,Hamline,1,2,1,0,0,0,0
"Milton, Marie",3/17/2026,Redlands,0,2,0,0,0,0,0
"Milton, Marie",3/18/2026,Oneonta,1,3,1,0,0,0,0
"Milton, Marie",3/18/2026,Oneonta,1,3,2,0,0,0,0
"Milton, Marie",3/20/2026,Cal Lutheran,0,2,0,0,0,0,0
"Milton, Marie",3/21/2026,Cal Lutheran,0,1,0,0,0,0,0
"Milton, Marie",3/28/2026,Williams,0,0,0,0,0,0,1
"Milton, Marie",4/3/2026,Chapman,0,2,0,0,0,0,0
"Milton, Marie",4/4/2026,Chapman,1,3,1,0,0,1,1
"Milton, Marie",4/4/2026,Chapman,0,3,0,0,0,0,0
"Milton, Marie",4/10/2026,Whittier,0,2,0,0,0,0,0
"Milton, Marie",4/11/2026,Whittier,0,1,0,0,0,0,0
"Milton, Marie",4/17/2026,Occidental,2,3,0,0,0,0,0
"Milton, Marie",4/18/2026,Occidental,2,3,0,0,0,0,0
"Milton, Marie",4/18/2026,Occidental,2,2,2,1,0,0,1
"Milton, Marie",4/24/2026,La Verne,0,2,0,0,0,0,0
"Milton, Marie",4/25/2026,La Verne,2,3,1,0,0,0,1
"Milton, Marie",4/25/2026,La Verne,0,1,0,0,0,0,0
"Milton, Marie",5/1/2026,Redlands,1,3,1,1,0,0,0
"Milton, Marie",5/2/2026,Redlands,3,4,2,0,1,0,1
"Phillips, Gianna",2/13/2026,Claremont-M-S,0,3,0,0,0,0,0
"Phillips, Gianna",2/14/2026,Claremont-M-S,2,4,0,1,0,0,1
"Phillips, Gianna",2/14/2026,Claremont-M-S,1,3,0,0,0,0,1
"Phillips, Gianna",2/27/2026,Lewis & Clark,1,4,0,0,0,0,0
"Phillips, Gianna",2/27/2026,Lewis & Clark,0,2,1,0,0,0,0
"Phillips, Gianna",2/28/2026,Linfield,1,3,1,1,0,0,0
"Phillips, Gianna",2/28/2026,Linfield,2,3,1,0,0,0,0
"Phillips, Gianna",3/6/2026,Saint Benedict,2,4,0,1,0,0,1
"Phillips, Gianna",3/6/2026,Saint Mary's (Minn.),0,2,0,0,0,0,0
"Phillips, Gianna",3/7/2026,East Tex. Baptist,1,3,0,1,0,0,2
"Phillips, Gianna",03/07/2026,Mount Union,0,4,1,0,0,0,0
"Phillips, Gianna",3/8/2026,Denison,0,2,0,0,0,0,1
"Phillips, Gianna",3/8/2026,Pfeiffer,0,3,0,0,0,0,1
"Phillips, Gianna",3/13/2026,Pacific Lutheran,1,4,0,0,0,0,1
"Phillips, Gianna",3/20/2026,Cal Lutheran,0,2,0,0,0,0,0
"Phillips, Gianna",3/21/2026,Cal Lutheran,2,4,2,0,0,0,0
"Phillips, Gianna",3/21/2026,Cal Lutheran,3,5,1,1,0,0,1
"Phillips, Gianna",3/28/2026,Williams,1,2,0,0,0,0,0
"Phillips, Gianna",3/28/2026,Williams,0,4,0,0,0,0,0
"Phillips, Gianna",4/3/2026,Chapman,0,3,0,0,0,0,0
"Phillips, Gianna",4/4/2026,Chapman,1,4,0,0,0,0,1
"Phillips, Gianna",4/4/2026,Chapman,1,3,0,0,0,0,0
"Phillips, Gianna",4/10/2026,Whittier,0,3,0,0,0,0,0
"Phillips, Gianna",4/11/2026,Whittier,2,4,0,0,0,0,2
"Phillips, Gianna",4/11/2026,Whittier,1,3,0,1,0,0,1
"Phillips, Gianna",4/17/2026,Occidental,1,3,0,1,0,0,0
"Phillips, Gianna",4/18/2026,Occidental,0,3,0,0,0,0,0
"Phillips, Gianna",4/18/2026,Occidental,2,4,1,0,0,0,2
"Phillips, Gianna",4/24/2026,La Verne,0,1,0,0,0,0,0
"Phillips, Gianna",4/25/2026,La Verne,2,4,1,0,0,0,1
"Phillips, Gianna",4/25/2026,La Verne,1,4,0,0,0,0,0
"Phillips, Gianna",5/1/2026,Redlands,1,4,0,1,0,0,2
"Phillips, Gianna",5/2/2026,Redlands,1,2,0,0,0,0,0
"Phillips, Gianna",5/2/2026,Redlands,1,4,0,1,0,0,2
"Reimers, Audrey",2/13/2026,Claremont-M-S,0,2,0,0,0,0,0
"Reimers, Audrey",2/14/2026,Claremont-M-S,0,1,0,0,0,0,0
"Reimers, Audrey",2/14/2026,Claremont-M-S,1,2,0,0,0,0,0
"Reimers, Audrey",2/27/2026,Lewis & Clark,1,1,1,0,0,0,1
"Reimers, Audrey",2/28/2026,Linfield,0,1,0,0,0,0,0
"Reimers, Audrey",2/28/2026,Linfield,0,1,0,0,0,0,0
"Reimers, Audrey",3/6/2026,Saint Benedict,2,4,1,1,0,0,0
"Reimers, Audrey",3/6/2026,Saint Mary's (Minn.),1,3,0,0,0,0,0
"Reimers, Audrey",3/7/2026,East Tex. Baptist,0,3,0,0,0,0,0
"Reimers, Audrey",03/07/2026,Mount Union,2,4,0,2,0,0,3
"Reimers, Audrey",3/8/2026,Denison,0,2,0,0,0,0,0
"Reimers, Audrey",3/8/2026,Pfeiffer,0,2,0,0,0,0,0
"Reimers, Audrey",3/13/2026,Pacific Lutheran,0,3,0,0,0,0,0
"Reimers, Audrey",3/13/2026,Pacific Lutheran,2,4,0,1,0,0,1
"Reimers, Audrey",3/14/2026,Hamline,1,4,2,0,0,0,1
"Reimers, Audrey",3/14/2026,Hamline,1,3,1,0,0,0,2
"Reimers, Audrey",3/17/2026,Redlands,1,4,0,0,0,0,0
"Reimers, Audrey",3/18/2026,Oneonta,2,3,1,0,0,0,0
"Reimers, Audrey",3/18/2026,Oneonta,1,3,1,1,0,0,3
"Reimers, Audrey",3/20/2026,Cal Lutheran,1,3,0,0,0,0,1
"Reimers, Audrey",3/21/2026,Cal Lutheran,2,4,1,0,0,0,2
"Reimers, Audrey",3/21/2026,Cal Lutheran,1,5,1,0,0,0,0
"Reimers, Audrey",3/28/2026,Williams,0,2,0,0,0,0,0
"Reimers, Audrey",3/28/2026,Williams,0,3,0,0,0,0,0
"Reimers, Audrey",4/3/2026,Chapman,1,3,0,0,0,0,0
"Reimers, Audrey",4/4/2026,Chapman,0,3,0,0,0,0,0
"Reimers, Audrey",4/4/2026,Chapman,1,2,1,0,0,1,2
"Reimers, Audrey",4/10/2026,Whittier,1,3,0,0,0,0,0
"Reimers, Audrey",4/11/2026,Whittier,2,4,2,0,0,0,1
"Reimers, Audrey",4/11/2026,Whittier,1,3,0,0,0,0,0
"Reimers, Audrey",4/17/2026,Occidental,0,3,0,0,0,0,0
"Reimers, Audrey",4/18/2026,Occidental,1,3,0,0,0,0,1
"Reimers, Audrey",4/18/2026,Occidental,1,4,0,0,0,0,0
"Reimers, Audrey",4/24/2026,La Verne,0,3,0,0,0,0,0
"Reimers, Audrey",4/25/2026,La Verne,2,3,2,0,0,0,1
"Reimers, Audrey",4/25/2026,La Verne,1,3,2,0,0,0,0
"Reimers, Audrey",5/1/2026,Redlands,1,4,0,0,0,0,0
"Reimers, Audrey",5/2/2026,Redlands,0,2,0,0,0,0,0
"Reimers, Audrey",5/2/2026,Redlands,1,4,1,0,0,0,0
"Roberts, Sophia",2/13/2026,Claremont-M-S,0,2,0,0,0,0,0
"Roberts, Sophia",2/14/2026,Claremont-M-S,1,3,0,1,0,0,0
"Roberts, Sophia",2/14/2026,Claremont-M-S,1,3,1,0,0,0,1
"Roberts, Sophia",2/27/2026,Lewis & Clark,1,4,0,0,0,0,0
"Roberts, Sophia",2/27/2026,Lewis & Clark,0,3,0,0,0,0,0
"Roberts, Sophia",2/28/2026,Linfield,0,3,0,0,0,0,0
"Roberts, Sophia",2/28/2026,Linfield,2,3,1,0,0,1,2
"Roberts, Sophia",3/6/2026,Saint Benedict,2,4,1,0,0,0,1
"Roberts, Sophia",3/6/2026,Saint Mary's (Minn.),0,3,0,0,0,0,0
"Roberts, Sophia",3/7/2026,East Tex. Baptist,0,3,0,0,0,0,0
"Roberts, Sophia",3/8/2026,Pfeiffer,0,2,0,0,0,0,0
"Roberts, Sophia",3/13/2026,Pacific Lutheran,0,2,0,0,0,0,0
"Roberts, Sophia",3/13/2026,Pacific Lutheran,0,2,0,0,0,0,0
"Roberts, Sophia",3/14/2026,Hamline,1,1,1,1,0,0,2
"Roberts, Sophia",3/17/2026,Redlands,1,3,0,0,0,0,0
"Roberts, Sophia",3/18/2026,Oneonta,0,3,0,0,0,0,1
"Roberts, Sophia",3/18/2026,Oneonta,0,2,0,0,0,0,1
"Roberts, Sophia",3/20/2026,Cal Lutheran,1,1,0,0,0,0,0
"Roberts, Sophia",3/21/2026,Cal Lutheran,1,3,0,1,0,0,0
"Roberts, Sophia",3/21/2026,Cal Lutheran,2,4,0,0,0,0,1
"Roberts, Sophia",3/28/2026,Williams,0,2,0,0,0,0,0
"Roberts, Sophia",4/11/2026,Whittier,0,3,0,0,0,0,0
"Roberts, Sophia",4/11/2026,Whittier,0,3,0,0,0,0,0
"Roberts, Sophia",4/17/2026,Occidental,1,1,0,1,0,0,0
"Roberts, Sophia",4/18/2026,Occidental,0,2,0,0,0,0,0
"Roberts, Sophia",4/18/2026,Occidental,0,2,1,0,0,0,0
"Roberts, Sophia",4/24/2026,La Verne,1,1,0,0,0,0,0
"Roberts, Sophia",4/25/2026,La Verne,0,3,0,0,0,0,0
"Roberts, Sophia",4/25/2026,La Verne,0,3,0,0,0,0,0
"Roberts, Sophia",5/1/2026,Redlands,0,3,0,0,0,0,0
"Roberts, Sophia",5/2/2026,Redlands,0,2,0,0,0,0,0
"Roberts, Sophia",5/2/2026,Redlands,3,4,1,1,0,0,0
"Bautista, Ava",2/13/2026,Claremont-M-S,0,1,0,0,0,0,0
"Bautista, Ava",2/14/2026,Claremont-M-S,0,0,0,0,0,0,0
"Bautista, Ava",2/14/2026,Claremont-M-S,0,2,0,0,0,0,1
"Bautista, Ava",2/27/2026,Lewis & Clark,1,1,0,0,0,0,0
"Bautista, Ava",2/28/2026,Linfield,0,2,0,0,0,0,0
"Bautista, Ava",2/28/2026,Linfield,0,1,0,0,0,0,0
"Bautista, Ava",3/6/2026,Saint Benedict,0,0,0,0,0,0,0
"Bautista, Ava",3/7/2026,East Tex. Baptist,0,0,0,0,0,0,0
"Bautista, Ava",3/8/2026,Denison,0,0,0,0,0,0,0
"Bautista, Ava",3/8/2026,Pfeiffer,0,2,0,0,0,0,0
"Bautista, Ava",3/13/2026,Pacific Lutheran,0,3,0,0,0,0,0
"Bautista, Ava",3/14/2026,Hamline,1,3,0,0,0,0,1
"Bautista, Ava",3/14/2026,Hamline,1,2,1,0,0,0,1
"Bautista, Ava",3/17/2026,Redlands,0,1,0,0,0,0,0
"Bautista, Ava",3/18/2026,Oneonta,2,3,1,0,0,0,1
"Bautista, Ava",3/20/2026,Cal Lutheran,1,2,0,0,0,0,0
"Bautista, Ava",3/21/2026,Cal Lutheran,1,3,0,0,0,0,0
"Bautista, Ava",3/21/2026,Cal Lutheran,3,4,1,0,1,0,1
"Bautista, Ava",3/28/2026,Williams,0,2,0,0,0,0,0
"Bautista, Ava",3/28/2026,Williams,0,0,0,0,0,0,0
"Bautista, Ava",4/3/2026,Chapman,0,3,0,0,0,0,0
"Bautista, Ava",4/4/2026,Chapman,0,3,0,0,0,0,0
"Bautista, Ava",4/4/2026,Chapman,0,0,0,0,0,0,0
"Bautista, Ava",4/10/2026,Whittier,2,2,2,0,1,0,0
"Grande, Maya",3/6/2026,Saint Benedict,0,0,0,0,0,0,0
"Grande, Maya",3/7/2026,East Tex. Baptist,0,0,0,0,0,0,0
"Grande, Maya",03/07/2026,Mount Union,0,0,0,0,0,0,0
"Grande, Maya",3/8/2026,Pfeiffer,0,1,0,0,0,0,0
"Grande, Maya",3/13/2026,Pacific Lutheran,0,0,0,0,0,0,0
"Grande, Maya",3/14/2026,Hamline,0,0,0,0,0,0,0
"Grande, Maya",3/18/2026,Oneonta,1,1,2,0,0,0,0
"Grande, Maya",3/20/2026,Cal Lutheran,0,0,0,0,0,0,0
"Grande, Maya",3/21/2026,Cal Lutheran,0,0,1,0,0,0,0
"Grande, Maya",3/21/2026,Cal Lutheran,0,0,1,0,0,0,0
"Grande, Maya",3/28/2026,Williams,0,3,0,0,0,0,0
"Grande, Maya",4/4/2026,Chapman,0,2,0,0,0,0,0
"Grande, Maya",4/11/2026,Whittier,0,0,0,0,0,0,0
"Grande, Maya",4/17/2026,Occidental,0,0,1,0,0,0,0
"Grande, Maya",4/18/2026,Occidental,0,1,0,0,0,0,0
"Grande, Maya",4/24/2026,La Verne,0,1,0,0,0,0,0
"Grande, Maya",4/25/2026,La Verne,0,3,0,0,0,0,0
"Grande, Maya",5/2/2026,Redlands,2,2,0,0,0,0,0
"Grande, Maya",5/2/2026,Redlands,1,2,0,0,0,0,1
"Burnham, Violet",2/13/2026,Claremont-M-S,0,2,0,0,0,0,0
"Burnham, Violet",2/14/2026,Claremont-M-S,1,3,1,0,1,0,0
"Burnham, Violet",2/14/2026,Claremont-M-S,2,4,0,0,0,0,0
"Burnham, Violet",2/27/2026,Lewis & Clark,0,4,0,0,0,0,0
"Burnham, Violet",2/27/2026,Lewis & Clark,1,2,0,0,1,0,2
"Burnham, Violet",2/28/2026,Linfield,0,3,0,0,0,0,1
"Burnham, Violet",2/28/2026,Linfield,0,3,0,0,0,0,1
"Burnham, Violet",3/6/2026,Saint Benedict,2,3,2,0,0,0,0
"Burnham, Violet",3/7/2026,East Tex. Baptist,0,2,0,0,0,0,0
"Burnham, Violet",03/07/2026,Mount Union,2,3,2,0,0,0,0
"Burnham, Violet",3/8/2026,Denison,0,2,0,0,0,0,0
"Burnham, Violet",3/8/2026,Pfeiffer,0,2,0,0,0,0,0
"Gibson, Summer",2/13/2026,Claremont-M-S,1,3,0,0,0,0,0
"Gibson, Summer",2/14/2026,Claremont-M-S,0,2,1,0,0,0,0
"Gibson, Summer",2/14/2026,Claremont-M-S,0,3,0,0,0,0,0
"Gibson, Summer",2/27/2026,Lewis & Clark,0,0,1,0,0,0,0
"Gibson, Summer",2/28/2026,Linfield,0,0,0,0,0,0,0
"Gibson, Summer",2/28/2026,Linfield,0,1,0,0,0,0,0
"Gibson, Summer",3/6/2026,Saint Mary's (Minn.),0,2,0,0,0,0,0
"Gibson, Summer",03/07/2026,Mount Union,0,2,1,0,0,0,0
"Gibson, Summer",3/8/2026,Denison,1,2,0,0,0,0,0
"Gibson, Summer",3/8/2026,Pfeiffer,1,3,0,0,0,0,0
"Gibson, Summer",3/13/2026,Pacific Lutheran,0,2,0,0,0,0,0
"Gibson, Summer",3/13/2026,Pacific Lutheran,1,1,0,0,0,0,0
"Gibson, Summer",3/14/2026,Hamline,1,3,1,0,0,0,0
"Gibson, Summer",3/17/2026,Redlands,0,3,0,0,0,0,0
"Gibson, Summer",3/18/2026,Oneonta,0,0,1,0,0,0,0
"Gibson, Summer",3/18/2026,Oneonta,1,3,1,1,0,0,2
"Gibson, Summer",3/20/2026,Cal Lutheran,0,1,0,0,0,0,0
"Gibson, Summer",4/11/2026,Whittier,0,2,0,0,0,0,0
"Gibson, Summer",4/11/2026,Whittier,0,3,0,0,0,0,0
"Gibson, Summer",4/18/2026,Occidental,0,0,0,0,0,0,0
"Gibson, Summer",4/18/2026,Occidental,0,0,0,0,0,0,0
"Gibson, Summer",4/24/2026,La Verne,0,1,0,0,0,0,0
"Gibson, Summer",4/25/2026,La Verne,0,0,0,0,0,0,0
"Gibson, Summer",5/1/2026,Redlands,0,0,0,0,0,0,0
"Nguyen, Jiselle",2/14/2026,Claremont-M-S,0,3,0,0,0,0,0
"Nguyen, Jiselle",2/27/2026,Lewis & Clark,0,2,1,0,0,0,0
"Springer, Nyla",2/13/2026,Claremont-M-S,0,0,0,0,0,0,0
"Springer, Nyla",2/14/2026,Claremont-M-S,0,2,0,0,0,0,0
"Springer, Nyla",2/27/2026,Lewis & Clark,0,0,0,0,0,0,0
"Springer, Nyla",2/28/2026,Linfield,0,0,0,0,0,0,0
"Springer, Nyla",3/6/2026,Saint Benedict,0,0,0,0,0,0,0
"Springer, Nyla",3/6/2026,Saint Mary's (Minn.),0,0,0,0,0,0,0
"Springer, Nyla",3/7/2026,East Tex. Baptist,0,0,0,0,0,0,0
"Springer, Nyla",3/8/2026,Pfeiffer,0,0,0,0,0,0,0
"Springer, Nyla",3/13/2026,Pacific Lutheran,0,0,0,0,0,0,0
"Springer, Nyla",3/14/2026,Hamline,0,0,0,0,0,0,0
"Springer, Nyla",3/14/2026,Hamline,0,0,0,0,0,0,0
"Springer, Nyla",3/17/2026,Redlands,0,0,0,0,0,0,0
"Springer, Nyla",3/20/2026,Cal Lutheran,0,0,0,0,0,0,0
"Springer, Nyla",3/28/2026,Williams,0,0,0,0,0,0,0
"Springer, Nyla",4/3/2026,Chapman,0,0,0,0,0,0,0
"Springer, Nyla",4/4/2026,Chapman,0,0,0,0,0,0,0
"Springer, Nyla",4/10/2026,Whittier,0,0,0,0,0,0,0
"Springer, Nyla",4/11/2026,Whittier,0,0,0,0,0,0,0
"Springer, Nyla",4/11/2026,Whittier,0,0,0,0,0,0,0
"Springer, Nyla",4/17/2026,Occidental,0,0,0,0,0,0,0
"Springer, Nyla",4/18/2026,Occidental,0,0,0,0,0,0,0
"Springer, Nyla",4/25/2026,La Verne,0,0,0,0,0,0,0
"Springer, Nyla",4/25/2026,La Verne,0,0,0,0,0,0,0
"Springer, Nyla",5/1/2026,Redlands,0,0,0,0,0,0,0
"Springer, Nyla",5/2/2026,Redlands,0,0,0,0,0,0,0
"Springer, Nyla",5/2/2026,Redlands,0,0,0,0,0,0,0
"Lopez, Mia",2/14/2026,Claremont-M-S,0,1,0,0,0,0,0
"Lopez, Mia",2/27/2026,Lewis & Clark,0,0,0,0,0,0,0
"Lopez, Mia",3/8/2026,Denison,0,0,0,0,0,0,0
"Lopez, Mia",3/13/2026,Pacific Lutheran,0,0,0,0,0,0,0
"Lopez, Mia",3/14/2026,Hamline,0,0,0,0,0,0,0
"Lopez, Mia",3/18/2026,Oneonta,0,0,0,0,0,0,0
"Lopez, Mia",3/18/2026,Oneonta,0,0,0,0,0,0,0
"Lopez, Mia",3/20/2026,Cal Lutheran,0,0,0,0,0,0,0
"Lopez, Mia",3/28/2026,Williams,0,0,0,0,0,0,0
"Lopez, Mia",3/28/2026,Williams,0,0,0,0,0,0,0
"Lopez, Mia",4/4/2026,Chapman,0,0,0,0,0,0,0
"Lopez, Mia",4/10/2026,Whittier,0,0,0,0,0,0,0
"Lopez, Mia",4/11/2026,Whittier,0,0,0,0,0,0,0
"Lopez, Mia",4/18/2026,Occidental,0,0,0,0,0,0,0
"Lopez, Mia",4/25/2026,La Verne,0,0,0,0,0,0,0
"Lopez, Mia",5/2/2026,Redlands,0,0,0,0,0,0,0
