player,date,opponent,tc,po,a,e,pct
"Liu, Kylie",2/13/2026,Claremont-M-S,4,3,1,0,1.000
"Liu, Kylie",2/14/2026,Claremont-M-S,5,2,3,0,1.000
"Liu, Kylie",2/14/2026,Claremont-M-S,7,1,6,0,1.000
"Liu, Kylie",2/27/2026,Lewis & Clark,2,2,0,0,1.000
"Liu, Kylie",2/27/2026,Lewis & Clark,4,4,0,0,1.000
"Liu, Kylie",2/28/2026,Linfield,5,1,2,2,.600
"Liu, Kylie",2/28/2026,Linfield,2,2,0,0,1.000
"Liu, Kylie",3/6/2026,Saint Benedict,8,8,0,0,1.000
"Liu, Kylie",3/6/2026,Saint Mary's (Minn.),5,2,3,0,1.000
"Liu, Kylie",3/7/2026,East Tex. Baptist,1,0,1,0,1.000
"Liu, Kylie",03/07/2026,Mount Union,7,6,0,1,.857
"Liu, Kylie",3/8/2026,Denison,5,4,1,0,1.000
"Liu, Kylie",3/8/2026,Pfeiffer,3,0,3,0,1.000
"Liu, Kylie",3/13/2026,Pacific Lutheran,5,4,1,0,1.000
"Liu, Kylie",3/13/2026,Pacific Lutheran,7,6,1,0,1.000
"Liu, Kylie",3/14/2026,Hamline,9,9,0,0,1.000
"Liu, Kylie",3/14/2026,Hamline,4,2,2,0,1.000
"Liu, Kylie",3/17/2026,Redlands,10,10,0,0,1.000
"Liu, Kylie",3/18/2026,Oneonta,3,2,1,0,1.000
"Liu, Kylie",3/18/2026,Oneonta,2,0,1,1,.500
"Liu, Kylie",3/20/2026,Cal Lutheran,6,6,0,0,1.000
"Liu, Kylie",3/21/2026,Cal Lutheran,3,2,1,0,1.000
"Liu, Kylie",3/21/2026,Cal Lutheran,2,2,0,0,1.000
"Liu, Kylie",3/28/2026,Williams,5,3,1,1,.800
"Liu, Kylie",3/28/2026,Williams,11,10,1,0,1.000
"Liu, Kylie",4/3/2026,Chapman,14,14,0,0,1.000
"Liu, Kylie",4/4/2026,Chapman,8,7,0,1,.875
"Liu, Kylie",4/4/2026,Chapman,10,9,1,0,1.000
"Liu, Kylie",4/10/2026,Whittier,9,9,0,0,1.000
"Liu, Kylie",4/11/2026,Whittier,3,2,0,1,.667
"Liu, Kylie",4/11/2026,Whittier,2,2,0,0,1.000
"Liu, Kylie",4/17/2026,Occidental,3,0,3,0,1.000
"Liu, Kylie",4/18/2026,Occidental,10,2,7,1,.900
"Liu, Kylie",4/18/2026,Occidental,1,0,0,1,.000
"Liu, Kylie",4/24/2026,La Verne,6,0,6,0,1.000
"Liu, Kylie",4/25/2026,La Verne,4,1,3,0,1.000
"Liu, Kylie",4/25/2026,La Verne,3,0,3,0,1.000
"Liu, Kylie",5/1/2026,Redlands,3,2,1,0,1.000
"Liu, Kylie",5/2/2026,Redlands,5,4,1,0,1.000
"Liu, Kylie",5/2/2026,Redlands,4,0,3,1,.750
"Murguia, Natalie",2/13/2026,Claremont-M-S,1,1,0,0,1.000
"Murguia, Natalie",2/14/2026,Claremont-M-S,3,3,0,0,1.000
"Murguia, Natalie",2/14/2026,Claremont-M-S,0,0,0,0,0.000
"Murguia, Natalie",2/27/2026,Lewis & Clark,1,1,0,0,1.000
"Murguia, Natalie",2/27/2026,Lewis & Clark,0,0,0,0,0.000
"Murguia, Natalie",2/28/2026,Linfield,1,1,0,0,1.000
"Murguia, Natalie",2/28/2026,Linfield,0,0,0,0,0.000
"Murguia, Natalie",3/6/2026,Saint Benedict,3,2,1,0,1.000
"Murguia, Natalie",3/6/2026,Saint Mary's (Minn.),1,1,0,0,1.000
"Murguia, Natalie",3/7/2026,East Tex. Baptist,1,1,0,0,1.000
"Murguia, Natalie",3/8/2026,Denison,0,0,0,0,0.000
"Murguia, Natalie",3/8/2026,Pfeiffer,2,2,0,0,1.000
"Murguia, Natalie",3/13/2026,Pacific Lutheran,1,1,0,0,1.000
"Murguia, Natalie",3/13/2026,Pacific Lutheran,3,3,0,0,1.000
"Murguia, Natalie",3/14/2026,Hamline,1,1,0,0,1.000
"Murguia, Natalie",3/14/2026,Hamline,3,3,0,0,1.000
"Murguia, Natalie",3/17/2026,Redlands,3,3,0,0,1.000
"Murguia, Natalie",3/18/2026,Oneonta,0,0,0,0,0.000
"Murguia, Natalie",3/18/2026,Oneonta,1,1,0,0,1.000
"Murguia, Natalie",3/20/2026,Cal Lutheran,2,2,0,0,1.000
"Murguia, Natalie",3/21/2026,Cal Lutheran,4,3,0,1,.750
"Murguia, Natalie",3/21/2026,Cal Lutheran,0,0,0,0,0.000
"Murguia, Natalie",3/28/2026,Williams,1,1,0,0,1.000
"Murguia, Natalie",3/28/2026,Williams,0,0,0,0,0.000
"Murguia, Natalie",4/3/2026,Chapman,1,1,0,0,1.000
"Murguia, Natalie",4/4/2026,Chapman,2,2,0,0,1.000
"Murguia, Natalie",4/4/2026,Chapman,0,0,0,0,0.000
"Murguia, Natalie",4/10/2026,Whittier,0,0,0,0,0.000
"Murguia, Natalie",4/11/2026,Whittier,2,2,0,0,1.000
"Murguia, Natalie",4/11/2026,Whittier,2,2,0,0,1.000
"Murguia, Natalie",4/17/2026,Occidental,1,1,0,0,1.000
"Murguia, Natalie",4/18/2026,Occidental,0,0,0,0,0.000
"Murguia, Natalie",4/18/2026,Occidental,2,2,0,0,1.000
"Murguia, Natalie",4/24/2026,La Verne,3,2,1,0,1.000
"Murguia, Natalie",4/25/2026,La Verne,3,2,1,0,1.000
"Murguia, Natalie",4/25/2026,La Verne,7,7,0,0,1.000
"Murguia, Natalie",5/1/2026,Redlands,3,2,0,1,.667
"Murguia, Natalie",5/2/2026,Redlands,1,0,1,0,1.000
"Murguia, Natalie",5/2/2026,Redlands,2,2,0,0,1.000
"Huryn, Sadie",2/13/2026,Claremont-M-S,4,3,1,0,1.000
"Huryn, Sadie",2/14/2026,Claremont-M-S,2,0,2,0,1.000
"Huryn, Sadie",2/14/2026,Claremont-M-S,3,2,0,1,.667
"Huryn, Sadie",2/27/2026,Lewis & Clark,3,2,1,0,1.000
"Huryn, Sadie",2/27/2026,Lewis & Clark,4,1,3,0,1.000
"Huryn, Sadie",2/28/2026,Linfield,4,1,2,1,.750
"Huryn, Sadie",2/28/2026,Linfield,4,1,3,0,1.000
"Huryn, Sadie",3/6/2026,Saint Benedict,2,0,2,0,1.000
"Huryn, Sadie",3/6/2026,Saint Mary's (Minn.),7,3,3,1,.857
"Huryn, Sadie",3/7/2026,East Tex. Baptist,4,1,3,0,1.000
"Huryn, Sadie",03/07/2026,Mount Union,6,4,1,1,.833
"Huryn, Sadie",3/8/2026,Denison,5,2,3,0,1.000
"Huryn, Sadie",3/8/2026,Pfeiffer,3,2,1,0,1.000
"Huryn, Sadie",3/13/2026,Pacific Lutheran,5,2,3,0,1.000
"Huryn, Sadie",3/13/2026,Pacific Lutheran,4,2,2,0,1.000
"Huryn, Sadie",3/14/2026,Hamline,9,5,3,1,.889
"Huryn, Sadie",3/14/2026,Hamline,2,1,1,0,1.000
"Huryn, Sadie",3/17/2026,Redlands,4,2,2,0,1.000
"Huryn, Sadie",3/18/2026,Oneonta,1,0,1,0,1.000
"Huryn, Sadie",3/18/2026,Oneonta,2,1,1,0,1.000
"Huryn, Sadie",3/20/2026,Cal Lutheran,4,1,2,1,.750
"Huryn, Sadie",3/21/2026,Cal Lutheran,2,1,1,0,1.000
"Huryn, Sadie",3/21/2026,Cal Lutheran,4,2,2,0,1.000
"Huryn, Sadie",3/28/2026,Williams,8,6,2,0,1.000
"Huryn, Sadie",3/28/2026,Williams,5,2,3,0,1.000
"Huryn, Sadie",4/3/2026,Chapman,2,2,0,0,1.000
"Huryn, Sadie",4/4/2026,Chapman,2,1,1,0,1.000
"Huryn, Sadie",4/4/2026,Chapman,1,0,1,0,1.000
"Huryn, Sadie",4/10/2026,Whittier,5,1,4,0,1.000
"Huryn, Sadie",4/11/2026,Whittier,4,3,1,0,1.000
"Huryn, Sadie",4/11/2026,Whittier,4,3,1,0,1.000
"Huryn, Sadie",4/17/2026,Occidental,5,3,2,0,1.000
"Huryn, Sadie",4/18/2026,Occidental,5,3,2,0,1.000
"Huryn, Sadie",4/18/2026,Occidental,5,3,1,1,.800
"Huryn, Sadie",4/24/2026,La Verne,2,0,2,0,1.000
"Huryn, Sadie",4/25/2026,La Verne,3,2,1,0,1.000
"Huryn, Sadie",4/25/2026,La Verne,3,1,2,0,1.000
"Huryn, Sadie",5/1/2026,Redlands,5,4,1,0,1.000
"Huryn, Sadie",5/2/2026,Redlands,5,2,2,1,.800
"Huryn, Sadie",5/2/2026,Redlands,3,1,2,0,1.000
"Sefkow, Claire",2/13/2026,Claremont-M-S,1,0,1,0,1.000
"Sefkow, Claire",2/14/2026,Claremont-M-S,4,1,3,0,1.000
"Sefkow, Claire",2/14/2026,Claremont-M-S,1,1,0,0,1.000
"Sefkow, Claire",2/27/2026,Lewis & Clark,6,1,4,1,.833
"Sefkow, Claire",2/27/2026,Lewis & Clark,2,0,2,0,1.000
"Sefkow, Claire",2/28/2026,Linfield,1,1,0,0,1.000
"Sefkow, Claire",2/28/2026,Linfield,4,3,0,1,.750
"Sefkow, Claire",3/6/2026,Saint Benedict,3,0,3,0,1.000
"Sefkow, Claire",3/6/2026,Saint Mary's (Minn.),4,2,2,0,1.000
"Sefkow, Claire",3/7/2026,East Tex. Baptist,2,0,2,0,1.000
"Sefkow, Claire",03/07/2026,Mount Union,6,3,2,1,.833
"Sefkow, Claire",3/8/2026,Denison,0,0,0,0,0.000
"Sefkow, Claire",3/13/2026,Pacific Lutheran,4,2,1,1,.750
"Sefkow, Claire",3/13/2026,Pacific Lutheran,4,1,2,1,.750
"Sefkow, Claire",3/14/2026,Hamline,6,2,4,0,1.000
"Sefkow, Claire",3/14/2026,Hamline,0,0,0,0,0.000
"Sefkow, Claire",3/17/2026,Redlands,9,4,4,1,.889
"Sefkow, Claire",3/18/2026,Oneonta,0,0,0,0,0.000
"Sefkow, Claire",3/20/2026,Cal Lutheran,2,0,0,2,.000
"Sefkow, Claire",3/21/2026,Cal Lutheran,4,1,3,0,1.000
"Sefkow, Claire",3/21/2026,Cal Lutheran,3,1,2,0,1.000
"Sefkow, Claire",3/28/2026,Williams,4,0,4,0,1.000
"Sefkow, Claire",3/28/2026,Williams,5,0,5,0,1.000
"Sefkow, Claire",4/3/2026,Chapman,8,2,6,0,1.000
"Sefkow, Claire",4/4/2026,Chapman,5,2,3,0,1.000
"Sefkow, Claire",4/4/2026,Chapman,3,0,3,0,1.000
"Sefkow, Claire",4/10/2026,Whittier,6,3,3,0,1.000
"Sefkow, Claire",4/11/2026,Whittier,7,1,5,1,.857
"Sefkow, Claire",4/11/2026,Whittier,2,0,2,0,1.000
"Sefkow, Claire",4/17/2026,Occidental,6,0,6,0,1.000
"Sefkow, Claire",4/18/2026,Occidental,4,1,3,0,1.000
"Sefkow, Claire",4/18/2026,Occidental,1,1,0,0,1.000
"Sefkow, Claire",4/24/2026,La Verne,2,0,2,0,1.000
"Sefkow, Claire",4/25/2026,La Verne,1,1,0,0,1.000
"Sefkow, Claire",4/25/2026,La Verne,6,1,4,1,.833
"Sefkow, Claire",5/1/2026,Redlands,7,1,6,0,1.000
"Sefkow, Claire",5/2/2026,Redlands,3,1,2,0,1.000
"Sefkow, Claire",5/2/2026,Redlands,4,1,3,0,1.000
"Song, Yuri",2/27/2026,Lewis & Clark,4,4,0,0,1.000
"Song, Yuri",2/27/2026,Lewis & Clark,1,1,0,0,1.000
"Song, Yuri",2/28/2026,Linfield,4,3,1,0,1.000
"Song, Yuri",2/28/2026,Linfield,4,3,1,0,1.000
"Song, Yuri",3/6/2026,Saint Benedict,0,0,0,0,0.000
"Song, Yuri",3/6/2026,Saint Mary's (Minn.),1,1,0,0,1.000
"Song, Yuri",3/7/2026,East Tex. Baptist,1,1,0,0,1.000
"Song, Yuri",03/07/2026,Mount Union,0,0,0,0,0.000
"Song, Yuri",3/8/2026,Denison,0,0,0,0,0.000
"Song, Yuri",3/8/2026,Pfeiffer,6,6,0,0,1.000
"Song, Yuri",3/13/2026,Pacific Lutheran,2,1,1,0,1.000
"Song, Yuri",3/13/2026,Pacific Lutheran,3,3,0,0,1.000
"Song, Yuri",3/14/2026,Hamline,6,4,2,0,1.000
"Song, Yuri",3/14/2026,Hamline,0,0,0,0,0.000
"Song, Yuri",3/17/2026,Redlands,1,1,0,0,1.000
"Song, Yuri",3/18/2026,Oneonta,0,0,0,0,0.000
"Song, Yuri",3/18/2026,Oneonta,7,6,1,0,1.000
"Song, Yuri",3/20/2026,Cal Lutheran,3,3,0,0,1.000
"Song, Yuri",3/21/2026,Cal Lutheran,1,1,0,0,1.000
"Song, Yuri",3/21/2026,Cal Lutheran,0,0,0,0,0.000
"Song, Yuri",3/28/2026,Williams,0,0,0,0,0.000
"Song, Yuri",3/28/2026,Williams,7,7,0,0,1.000
"Song, Yuri",4/3/2026,Chapman,2,2,0,0,1.000
"Song, Yuri",4/4/2026,Chapman,1,1,0,0,1.000
"Song, Yuri",4/4/2026,Chapman,6,6,0,0,1.000
"Song, Yuri",4/10/2026,Whittier,2,1,0,1,.500
"Song, Yuri",4/11/2026,Whittier,1,1,0,0,1.000
"Song, Yuri",4/11/2026,Whittier,5,4,1,0,1.000
"Song, Yuri",4/17/2026,Occidental,1,1,0,0,1.000
"Song, Yuri",4/18/2026,Occidental,1,1,0,0,1.000
"Song, Yuri",4/18/2026,Occidental,4,4,0,0,1.000
"Song, Yuri",4/24/2026,La Verne,1,1,0,0,1.000
"Song, Yuri",4/25/2026,La Verne,2,2,0,0,1.000
"Song, Yuri",4/25/2026,La Verne,2,2,0,0,1.000
"Song, Yuri",5/1/2026,Redlands,1,1,0,0,1.000
"Song, Yuri",5/2/2026,Redlands,1,0,0,1,.000
"Song, Yuri",5/2/2026,Redlands,8,7,0,1,.875
"Milton, Marie",2/13/2026,Claremont-M-S,0,0,0,0,0.000
"Milton, Marie",2/14/2026,Claremont-M-S,0,0,0,0,0.000
"Milton, Marie",2/14/2026,Claremont-M-S,2,0,2,0,1.000
"Milton, Marie",2/27/2026,Lewis & Clark,0,0,0,0,0.000
"Milton, Marie",2/27/2026,Lewis & Clark,0,0,0,0,0.000
"Milton, Marie",2/28/2026,Linfield,1,1,0,0,1.000
"Milton, Marie",2/28/2026,Linfield,0,0,0,0,0.000
"Milton, Marie",3/6/2026,Saint Benedict,0,0,0,0,0.000
"Milton, Marie",3/6/2026,Saint Mary's (Minn.),0,0,0,0,0.000
"Milton, Marie",3/7/2026,East Tex. Baptist,0,0,0,0,0.000
"Milton, Marie",03/07/2026,Mount Union,4,0,4,0,1.000
"Milton, Marie",3/8/2026,Denison,0,0,0,0,0.000
"Milton, Marie",3/8/2026,Pfeiffer,0,0,0,0,0.000
"Milton, Marie",3/13/2026,Pacific Lutheran,0,0,0,0,0.000
"Milton, Marie",3/13/2026,Pacific Lutheran,4,2,2,0,1.000
"Milton, Marie",3/14/2026,Hamline,1,0,1,0,1.000
"Milton, Marie",3/14/2026,Hamline,1,0,1,0,1.000
"Milton, Marie",3/17/2026,Redlands,3,0,3,0,1.000
"Milton, Marie",3/18/2026,Oneonta,4,2,2,0,1.000
"Milton, Marie",3/18/2026,Oneonta,2,2,0,0,1.000
"Milton, Marie",3/20/2026,Cal Lutheran,2,2,0,0,1.000
"Milton, Marie",3/21/2026,Cal Lutheran,0,0,0,0,0.000
"Milton, Marie",3/28/2026,Williams,0,0,0,0,0.000
"Milton, Marie",4/3/2026,Chapman,2,0,2,0,1.000
"Milton, Marie",4/4/2026,Chapman,2,0,1,1,.500
"Milton, Marie",4/4/2026,Chapman,0,0,0,0,0.000
"Milton, Marie",4/10/2026,Whittier,0,0,0,0,0.000
"Milton, Marie",4/11/2026,Whittier,0,0,0,0,0.000
"Milton, Marie",4/17/2026,Occidental,0,0,0,0,0.000
"Milton, Marie",4/18/2026,Occidental,0,0,0,0,0.000
"Milton, Marie",4/18/2026,Occidental,0,0,0,0,0.000
"Milton, Marie",4/24/2026,La Verne,0,0,0,0,0.000
"Milton, Marie",4/25/2026,La Verne,0,0,0,0,0.000
"Milton, Marie",4/25/2026,La Verne,0,0,0,0,0.000
"Milton, Marie",5/1/2026,Redlands,0,0,0,0,0.000
"Milton, Marie",5/2/2026,Redlands,0,0,0,0,0.000
"Phillips, Gianna",2/13/2026,Claremont-M-S,4,1,3,0,1.000
"Phillips, Gianna",2/14/2026,Claremont-M-S,1,1,0,0,1.000
"Phillips, Gianna",2/14/2026,Claremont-M-S,2,2,0,0,1.000
"Phillips, Gianna",2/27/2026,Lewis & Clark,4,3,1,0,1.000
"Phillips, Gianna",2/27/2026,Lewis & Clark,3,1,1,1,.667
"Phillips, Gianna",2/28/2026,Linfield,6,5,0,1,.833
"Phillips, Gianna",2/28/2026,Linfield,0,0,0,0,0.000
"Phillips, Gianna",3/6/2026,Saint Benedict,5,0,3,2,.600
"Phillips, Gianna",3/6/2026,Saint Mary's (Minn.),4,3,1,0,1.000
"Phillips, Gianna",3/7/2026,East Tex. Baptist,2,2,0,0,1.000
"Phillips, Gianna",03/07/2026,Mount Union,5,4,0,1,.800
"Phillips, Gianna",3/8/2026,Denison,0,0,0,0,0.000
"Phillips, Gianna",3/8/2026,Pfeiffer,2,1,1,0,1.000
"Phillips, Gianna",3/13/2026,Pacific Lutheran,3,1,2,0,1.000
"Phillips, Gianna",3/20/2026,Cal Lutheran,0,0,0,0,0.000
"Phillips, Gianna",3/21/2026,Cal Lutheran,3,0,3,0,1.000
"Phillips, Gianna",3/21/2026,Cal Lutheran,9,4,5,0,1.000
"Phillips, Gianna",3/28/2026,Williams,6,1,5,0,1.000
"Phillips, Gianna",3/28/2026,Williams,7,4,2,1,.857
"Phillips, Gianna",4/3/2026,Chapman,0,0,0,0,0.000
"Phillips, Gianna",4/4/2026,Chapman,8,7,1,0,1.000
"Phillips, Gianna",4/4/2026,Chapman,5,2,2,1,.800
"Phillips, Gianna",4/10/2026,Whittier,2,2,0,0,1.000
"Phillips, Gianna",4/11/2026,Whittier,4,1,3,0,1.000
"Phillips, Gianna",4/11/2026,Whittier,3,2,0,1,.667
"Phillips, Gianna",4/17/2026,Occidental,1,1,0,0,1.000
"Phillips, Gianna",4/18/2026,Occidental,2,1,1,0,1.000
"Phillips, Gianna",4/18/2026,Occidental,4,3,1,0,1.000
"Phillips, Gianna",4/24/2026,La Verne,1,1,0,0,1.000
"Phillips, Gianna",4/25/2026,La Verne,2,2,0,0,1.000
"Phillips, Gianna",4/25/2026,La Verne,2,1,0,1,.500
"Phillips, Gianna",5/1/2026,Redlands,5,3,2,0,1.000
"Phillips, Gianna",5/2/2026,Redlands,2,1,1,0,1.000
"Phillips, Gianna",5/2/2026,Redlands,1,0,0,1,.000
"Reimers, Audrey",2/13/2026,Claremont-M-S,2,0,2,0,1.000
"Reimers, Audrey",2/14/2026,Claremont-M-S,0,0,0,0,0.000
"Reimers, Audrey",2/14/2026,Claremont-M-S,2,0,2,0,1.000
"Reimers, Audrey",2/27/2026,Lewis & Clark,1,0,1,0,1.000
"Reimers, Audrey",2/28/2026,Linfield,0,0,0,0,0.000
"Reimers, Audrey",2/28/2026,Linfield,2,0,2,0,1.000
"Reimers, Audrey",3/6/2026,Saint Benedict,0,0,0,0,0.000
"Reimers, Audrey",3/6/2026,Saint Mary's (Minn.),4,0,4,0,1.000
"Reimers, Audrey",3/7/2026,East Tex. Baptist,1,0,1,0,1.000
"Reimers, Audrey",03/07/2026,Mount Union,1,0,1,0,1.000
"Reimers, Audrey",3/8/2026,Denison,1,1,0,0,1.000
"Reimers, Audrey",3/8/2026,Pfeiffer,0,0,0,0,0.000
"Reimers, Audrey",3/13/2026,Pacific Lutheran,2,0,2,0,1.000
"Reimers, Audrey",3/13/2026,Pacific Lutheran,3,3,0,0,1.000
"Reimers, Audrey",3/14/2026,Hamline,0,0,0,0,0.000
"Reimers, Audrey",3/14/2026,Hamline,0,0,0,0,0.000
"Reimers, Audrey",3/17/2026,Redlands,0,0,0,0,0.000
"Reimers, Audrey",3/18/2026,Oneonta,6,1,5,0,1.000
"Reimers, Audrey",3/18/2026,Oneonta,2,1,0,1,.500
"Reimers, Audrey",3/20/2026,Cal Lutheran,5,5,0,0,1.000
"Reimers, Audrey",3/21/2026,Cal Lutheran,2,2,0,0,1.000
"Reimers, Audrey",3/21/2026,Cal Lutheran,3,2,0,1,.667
"Reimers, Audrey",3/28/2026,Williams,1,0,1,0,1.000
"Reimers, Audrey",3/28/2026,Williams,4,3,1,0,1.000
"Reimers, Audrey",4/3/2026,Chapman,0,0,0,0,0.000
"Reimers, Audrey",4/4/2026,Chapman,3,0,2,1,.667
"Reimers, Audrey",4/4/2026,Chapman,3,3,0,0,1.000
"Reimers, Audrey",4/10/2026,Whittier,0,0,0,0,0.000
"Reimers, Audrey",4/11/2026,Whittier,0,0,0,0,0.000
"Reimers, Audrey",4/11/2026,Whittier,1,0,1,0,1.000
"Reimers, Audrey",4/17/2026,Occidental,3,3,0,0,1.000
"Reimers, Audrey",4/18/2026,Occidental,1,1,0,0,1.000
"Reimers, Audrey",4/18/2026,Occidental,3,3,0,0,1.000
"Reimers, Audrey",4/24/2026,La Verne,0,0,0,0,0.000
"Reimers, Audrey",4/25/2026,La Verne,0,0,0,0,0.000
"Reimers, Audrey",4/25/2026,La Verne,1,1,0,0,1.000
"Reimers, Audrey",5/1/2026,Redlands,4,2,2,0,1.000
"Reimers, Audrey",5/2/2026,Redlands,1,1,0,0,1.000
"Reimers, Audrey",5/2/2026,Redlands,2,1,1,0,1.000
"Roberts, Sophia",2/13/2026,Claremont-M-S,11,9,1,1,.909
"Roberts, Sophia",2/14/2026,Claremont-M-S,10,10,0,0,1.000
"Roberts, Sophia",2/14/2026,Claremont-M-S,9,9,0,0,1.000
"Roberts, Sophia",2/27/2026,Lewis & Clark,7,7,0,0,1.000
"Roberts, Sophia",2/27/2026,Lewis & Clark,7,7,0,0,1.000
"Roberts, Sophia",2/28/2026,Linfield,6,6,0,0,1.000
"Roberts, Sophia",2/28/2026,Linfield,6,6,0,0,1.000
"Roberts, Sophia",3/6/2026,Saint Benedict,10,10,0,0,1.000
"Roberts, Sophia",3/6/2026,Saint Mary's (Minn.),9,8,1,0,1.000
"Roberts, Sophia",3/7/2026,East Tex. Baptist,11,11,0,0,1.000
"Roberts, Sophia",3/8/2026,Pfeiffer,8,7,1,0,1.000
"Roberts, Sophia",3/13/2026,Pacific Lutheran,7,7,0,0,1.000
"Roberts, Sophia",3/13/2026,Pacific Lutheran,0,0,0,0,0.000
"Roberts, Sophia",3/14/2026,Hamline,4,4,0,0,1.000
"Roberts, Sophia",3/17/2026,Redlands,0,0,0,0,0.000
"Roberts, Sophia",3/18/2026,Oneonta,9,9,0,0,1.000
"Roberts, Sophia",3/18/2026,Oneonta,2,2,0,0,1.000
"Roberts, Sophia",3/20/2026,Cal Lutheran,0,0,0,0,0.000
"Roberts, Sophia",3/21/2026,Cal Lutheran,8,7,0,1,.875
"Roberts, Sophia",3/21/2026,Cal Lutheran,9,9,0,0,1.000
"Roberts, Sophia",3/28/2026,Williams,6,4,1,1,.833
"Roberts, Sophia",4/11/2026,Whittier,9,9,0,0,1.000
"Roberts, Sophia",4/11/2026,Whittier,5,5,0,0,1.000
"Roberts, Sophia",4/17/2026,Occidental,12,12,0,0,1.000
"Roberts, Sophia",4/18/2026,Occidental,10,10,0,0,1.000
"Roberts, Sophia",4/18/2026,Occidental,5,5,0,0,1.000
"Roberts, Sophia",4/24/2026,La Verne,11,11,0,0,1.000
"Roberts, Sophia",4/25/2026,La Verne,8,8,0,0,1.000
"Roberts, Sophia",4/25/2026,La Verne,9,8,1,0,1.000
"Roberts, Sophia",5/1/2026,Redlands,9,9,0,0,1.000
"Roberts, Sophia",5/2/2026,Redlands,3,2,1,0,1.000
"Roberts, Sophia",5/2/2026,Redlands,7,6,0,1,.857
"Bautista, Ava",2/13/2026,Claremont-M-S,0,0,0,0,0.000
"Bautista, Ava",2/14/2026,Claremont-M-S,0,0,0,0,0.000
"Bautista, Ava",2/14/2026,Claremont-M-S,0,0,0,0,0.000
"Bautista, Ava",2/27/2026,Lewis & Clark,0,0,0,0,0.000
"Bautista, Ava",2/28/2026,Linfield,1,0,1,0,1.000
"Bautista, Ava",2/28/2026,Linfield,0,0,0,0,0.000
"Bautista, Ava",3/6/2026,Saint Benedict,3,0,2,1,.667
"Bautista, Ava",3/7/2026,East Tex. Baptist,1,0,1,0,1.000
"Bautista, Ava",3/8/2026,Denison,0,0,0,0,0.000
"Bautista, Ava",3/8/2026,Pfeiffer,1,0,1,0,1.000
"Bautista, Ava",3/13/2026,Pacific Lutheran,1,1,0,0,1.000
"Bautista, Ava",3/14/2026,Hamline,3,0,2,1,.667
"Bautista, Ava",3/14/2026,Hamline,3,3,0,0,1.000
"Bautista, Ava",3/17/2026,Redlands,0,0,0,0,0.000
"Bautista, Ava",3/18/2026,Oneonta,1,1,0,0,1.000
"Bautista, Ava",3/20/2026,Cal Lutheran,1,1,0,0,1.000
"Bautista, Ava",3/21/2026,Cal Lutheran,1,1,0,0,1.000
"Bautista, Ava",3/21/2026,Cal Lutheran,3,1,1,1,.667
"Bautista, Ava",3/28/2026,Williams,1,0,1,0,1.000
"Bautista, Ava",3/28/2026,Williams,0,0,0,0,0.000
"Bautista, Ava",4/3/2026,Chapman,0,0,0,0,0.000
"Bautista, Ava",4/4/2026,Chapman,4,4,0,0,1.000
"Bautista, Ava",4/4/2026,Chapman,1,0,1,0,1.000
"Bautista, Ava",4/10/2026,Whittier,1,1,0,0,1.000
"Grande, Maya",3/6/2026,Saint Benedict,0,0,0,0,0.000
"Grande, Maya",3/7/2026,East Tex. Baptist,0,0,0,0,0.000
"Grande, Maya",03/07/2026,Mount Union,0,0,0,0,0.000
"Grande, Maya",3/8/2026,Pfeiffer,0,0,0,0,0.000
"Grande, Maya",3/13/2026,Pacific Lutheran,0,0,0,0,0.000
"Grande, Maya",3/14/2026,Hamline,0,0,0,0,0.000
"Grande, Maya",3/18/2026,Oneonta,0,0,0,0,0.000
"Grande, Maya",3/20/2026,Cal Lutheran,0,0,0,0,0.000
"Grande, Maya",3/21/2026,Cal Lutheran,0,0,0,0,0.000
"Grande, Maya",3/21/2026,Cal Lutheran,0,0,0,0,0.000
"Grande, Maya",3/28/2026,Williams,2,1,1,0,1.000
"Grande, Maya",4/4/2026,Chapman,1,1,0,0,1.000
"Grande, Maya",4/11/2026,Whittier,0,0,0,0,0.000
"Grande, Maya",4/17/2026,Occidental,0,0,0,0,0.000
"Grande, Maya",4/18/2026,Occidental,0,0,0,0,0.000
"Grande, Maya",4/24/2026,La Verne,0,0,0,0,0.000
"Grande, Maya",4/25/2026,La Verne,1,0,1,0,1.000
"Grande, Maya",5/2/2026,Redlands,1,1,0,0,1.000
"Grande, Maya",5/2/2026,Redlands,0,0,0,0,0.000
"Burnham, Violet",2/13/2026,Claremont-M-S,3,3,0,0,1.000
"Burnham, Violet",2/14/2026,Claremont-M-S,2,2,0,0,1.000
"Burnham, Violet",2/14/2026,Claremont-M-S,5,5,0,0,1.000
"Burnham, Violet",2/27/2026,Lewis & Clark,1,1,0,0,1.000
"Burnham, Violet",2/27/2026,Lewis & Clark,1,1,0,0,1.000
"Burnham, Violet",2/28/2026,Linfield,2,2,0,0,1.000
"Burnham, Violet",2/28/2026,Linfield,0,0,0,0,0.000
"Burnham, Violet",3/6/2026,Saint Benedict,2,1,0,1,.500
"Burnham, Violet",3/7/2026,East Tex. Baptist,2,2,0,0,1.000
"Burnham, Violet",03/07/2026,Mount Union,3,3,0,0,1.000
"Burnham, Violet",3/8/2026,Denison,4,4,0,0,1.000
"Burnham, Violet",3/8/2026,Pfeiffer,2,2,0,0,1.000
"Gibson, Summer",2/13/2026,Claremont-M-S,1,1,0,0,1.000
"Gibson, Summer",2/14/2026,Claremont-M-S,2,2,0,0,1.000
"Gibson, Summer",2/14/2026,Claremont-M-S,3,3,0,0,1.000
"Gibson, Summer",2/27/2026,Lewis & Clark,0,0,0,0,0.000
"Gibson, Summer",2/28/2026,Linfield,0,0,0,0,0.000
"Gibson, Summer",2/28/2026,Linfield,0,0,0,0,0.000
"Gibson, Summer",3/6/2026,Saint Mary's (Minn.),1,1,0,0,1.000
"Gibson, Summer",03/07/2026,Mount Union,1,1,0,0,1.000
"Gibson, Summer",3/8/2026,Denison,4,3,1,0,1.000
"Gibson, Summer",3/8/2026,Pfeiffer,2,1,1,0,1.000
"Gibson, Summer",3/13/2026,Pacific Lutheran,3,3,0,0,1.000
"Gibson, Summer",3/13/2026,Pacific Lutheran,0,0,0,0,0.000
"Gibson, Summer",3/14/2026,Hamline,0,0,0,0,0.000
"Gibson, Summer",3/17/2026,Redlands,2,2,0,0,1.000
"Gibson, Summer",3/18/2026,Oneonta,0,0,0,0,0.000
"Gibson, Summer",3/18/2026,Oneonta,2,2,0,0,1.000
"Gibson, Summer",3/20/2026,Cal Lutheran,0,0,0,0,0.000
"Gibson, Summer",4/11/2026,Whittier,2,2,0,0,1.000
"Gibson, Summer",4/11/2026,Whittier,3,3,0,0,1.000
"Gibson, Summer",4/18/2026,Occidental,2,2,0,0,1.000
"Gibson, Summer",4/18/2026,Occidental,0,0,0,0,0.000
"Gibson, Summer",4/24/2026,La Verne,3,3,0,0,1.000
"Gibson, Summer",4/25/2026,La Verne,0,0,0,0,0.000
"Gibson, Summer",5/1/2026,Redlands,0,0,0,0,0.000
"Nguyen, Jiselle",2/14/2026,Claremont-M-S,0,0,0,0,0.000
"Nguyen, Jiselle",2/27/2026,Lewis & Clark,0,0,0,0,0.000
"Springer, Nyla",2/13/2026,Claremont-M-S,0,0,0,0,0.000
"Springer, Nyla",2/14/2026,Claremont-M-S,2,0,2,0,1.000
"Springer, Nyla",2/27/2026,Lewis & Clark,2,0,2,0,1.000
"Springer, Nyla",2/28/2026,Linfield,1,0,0,1,.000
"Springer, Nyla",3/6/2026,Saint Benedict,0,0,0,0,0.000
"Springer, Nyla",3/6/2026,Saint Mary's (Minn.),0,0,0,0,0.000
"Springer, Nyla",3/7/2026,East Tex. Baptist,2,0,2,0,1.000
"Springer, Nyla",3/8/2026,Pfeiffer,0,0,0,0,0.000
"Springer, Nyla",3/13/2026,Pacific Lutheran,0,0,0,0,0.000
"Springer, Nyla",3/14/2026,Hamline,0,0,0,0,0.000
"Springer, Nyla",3/14/2026,Hamline,1,1,0,0,1.000
"Springer, Nyla",3/17/2026,Redlands,2,0,2,0,1.000
"Springer, Nyla",3/20/2026,Cal Lutheran,1,0,1,0,1.000
"Springer, Nyla",3/28/2026,Williams,0,0,0,0,0.000
"Springer, Nyla",4/3/2026,Chapman,3,0,3,0,1.000
"Springer, Nyla",4/4/2026,Chapman,1,0,1,0,1.000
"Springer, Nyla",4/10/2026,Whittier,2,0,2,0,1.000
"Springer, Nyla",4/11/2026,Whittier,1,0,1,0,1.000
"Springer, Nyla",4/11/2026,Whittier,3,0,1,2,.333
"Springer, Nyla",4/17/2026,Occidental,1,0,1,0,1.000
"Springer, Nyla",4/18/2026,Occidental,0,0,0,0,0.000
"Springer, Nyla",4/25/2026,La Verne,4,0,4,0,1.000
"Springer, Nyla",4/25/2026,La Verne,0,0,0,0,0.000
"Springer, Nyla",5/1/2026,Redlands,0,0,0,0,0.000
"Springer, Nyla",5/2/2026,Redlands,0,0,0,0,0.000
"Springer, Nyla",5/2/2026,Redlands,1,0,1,0,1.000
"Lopez, Mia",2/14/2026,Claremont-M-S,0,0,0,0,0.000
"Lopez, Mia",2/27/2026,Lewis & Clark,0,0,0,0,0.000
"Lopez, Mia",03/07/2026,Mount Union,0,0,0,0,0.000
"Lopez, Mia",3/8/2026,Denison,0,0,0,0,0.000
"Lopez, Mia",3/13/2026,Pacific Lutheran,0,0,0,0,0.000
"Lopez, Mia",3/14/2026,Hamline,2,1,1,0,1.000
"Lopez, Mia",3/18/2026,Oneonta,0,0,0,0,0.000
"Lopez, Mia",3/18/2026,Oneonta,1,0,1,0,1.000
"Lopez, Mia",3/20/2026,Cal Lutheran,2,1,1,0,1.000
"Lopez, Mia",3/28/2026,Williams,0,0,0,0,0.000
"Lopez, Mia",3/28/2026,Williams,1,0,1,0,1.000
"Lopez, Mia",4/4/2026,Chapman,1,0,0,1,.000
"Lopez, Mia",4/10/2026,Whittier,0,0,0,0,0.000
"Lopez, Mia",4/11/2026,Whittier,0,0,0,0,0.000
"Lopez, Mia",4/18/2026,Occidental,1,0,1,0,1.000
"Lopez, Mia",4/25/2026,La Verne,0,0,0,0,0.000
"Lopez, Mia",5/2/2026,Redlands,0,0,0,0,0.000
