date,loc,opponent,w_l,score,ip,h,r,er,bb,so,2b,3b,hr,wp,bk,hbp,ibb,w,l,sv,era
2/13/2026,,Claremont-M-S,L,1-4,7.0,7,4,3,4,3,3,0,0,0,0,1,0,0,1,0,3.00
2/14/2026,at,Claremont-M-S,W,4-3,7.0,8,3,3,1,0,2,0,0,1,0,1,0,1,1,0,3.00
2/14/2026,at,Claremont-M-S,L,4-5,7.2,10,5,3,2,1,1,0,0,2,0,1,0,1,2,0,2.74
2/27/2026,,Lewis & Clark,L,5-7,7.0,10,7,6,2,1,2,0,2,1,0,1,0,1,3,0,6.00
2/27/2026,,Lewis & Clark,W,8-0,5.0,4,0,0,0,4,0,0,0,0,0,0,0,2,3,0,0.00
2/28/2026,,Linfield,L,1-11,7.0,13,11,9,2,3,4,0,2,1,0,0,0,2,4,0,9.00
2/28/2026,,Linfield,L,3-11,5.0,11,11,10,6,2,0,0,1,0,0,1,0,2,5,0,14.00
3/6/2026,vs,Saint Benedict,L,6-9,7.0,12,9,8,2,8,1,0,0,5,0,0,0,2,6,0,8.00
3/6/2026,vs,Saint Mary's (Minn.),L,0-2,7.0,8,2,1,2,2,0,0,0,0,0,0,0,2,7,0,1.00
3/7/2026,vs,East Tex. Baptist,L,3-7,6.0,10,7,7,2,2,2,1,0,3,0,1,0,2,8,0,8.17
03/07/2026,at,Mount Union,W,11-5,7.0,7,5,1,5,4,0,0,0,1,0,0,0,3,8,1,1.00
3/8/2026,at,Denison,L,1-9,4.2,14,9,9,2,0,4,0,0,0,0,2,0,3,9,0,13.50
3/8/2026,at,Pfeiffer,L,2-7,7.0,13,7,7,4,5,1,0,0,0,0,2,0,3,10,0,7.00
3/13/2026,,Pacific Lutheran,L,2-6,7.0,9,6,4,2,4,3,0,0,1,0,1,0,3,11,0,4.00
3/13/2026,,Pacific Lutheran,L,4-8,7.0,12,8,6,2,3,3,0,1,0,0,0,0,3,12,0,6.00
3/14/2026,,Hamline,W,9-6,7.0,8,6,5,3,3,1,0,0,1,0,1,0,4,12,0,5.00
3/14/2026,,Hamline,W,9-1,5.0,4,1,1,3,0,0,0,0,0,0,0,0,5,12,0,1.40
3/17/2026,at,Redlands,L,2-3,7.1,4,3,1,1,1,0,0,0,0,0,0,0,5,13,0,0.95
3/18/2026,,Oneonta,W,10-2,5.0,4,2,2,3,1,2,0,0,1,0,0,0,6,13,0,2.80
3/18/2026,,Oneonta,W,12-0,5.0,4,0,0,1,6,0,0,0,0,0,0,0,7,13,0,0.00
3/20/2026,,Cal Lutheran,L,2-4,7.0,9,4,3,2,3,1,0,0,2,0,0,0,7,14,0,3.00
3/21/2026,at,Cal Lutheran,W,11-1,6.0,6,1,0,0,2,1,0,0,0,0,1,0,8,14,0,0.00
3/21/2026,at,Cal Lutheran,W,9-4,7.0,8,4,3,1,2,1,0,0,1,0,2,0,9,14,0,3.00
3/28/2026,,Williams,L,0-9,5.0,10,9,8,5,0,3,0,0,1,0,1,0,9,15,0,11.20
3/28/2026,,Williams,W,1-0,9.0,4,0,0,2,6,2,0,0,4,0,0,0,10,15,0,0.00
4/3/2026,at,Chapman,W,2-0,7.0,4,0,0,2,0,0,0,0,0,0,1,0,11,15,0,0.00
4/4/2026,,Chapman,L,4-5,8.0,8,5,2,3,6,0,0,0,1,0,1,0,11,16,0,1.75
4/4/2026,,Chapman,W,4-2,7.0,7,2,0,1,5,0,0,0,3,0,0,0,12,16,0,0.00
4/10/2026,at,Whittier,L,4-12,5.2,14,12,10,5,1,3,0,1,0,0,1,0,12,17,0,12.35
4/11/2026,,Whittier,W,8-7,7.0,11,7,5,1,2,2,0,1,0,0,2,0,13,17,0,5.00
4/11/2026,,Whittier,L,1-4,7.0,8,4,4,3,2,0,0,1,1,0,0,0,13,18,0,4.00
4/17/2026,,Occidental,W,6-0,7.0,3,0,0,2,1,0,0,0,0,0,0,0,14,18,0,0.00
4/18/2026,at,Occidental,W,2-0,7.0,4,0,0,1,1,1,0,0,0,0,0,0,15,18,0,0.00
4/18/2026,at,Occidental,W,7-4,7.0,6,4,4,4,3,0,0,0,0,0,1,0,16,18,0,4.00
4/24/2026,at,La Verne,L,1-2,6.0,4,2,2,0,1,2,0,0,0,0,0,0,16,19,0,2.33
4/25/2026,,La Verne,W,10-2,6.0,4,2,2,0,1,2,0,0,0,0,0,0,17,19,0,2.33
4/25/2026,,La Verne,L,5-9,7.0,11,9,8,2,0,2,0,1,1,0,1,0,17,20,0,8.00
5/1/2026,,Redlands,L,5-7,8.0,14,7,7,2,1,3,0,0,0,0,2,0,17,21,0,6.13
5/2/2026,at,Redlands,L,0-10,4.0,12,10,8,5,3,2,0,1,3,0,2,0,17,22,0,14.00
5/2/2026,at,Redlands,L,7-9,6.0,13,9,7,4,2,1,0,0,0,0,1,0,17,23,0,8.17
