date,loc,opponent,w_l,score,ab,r,h,rbi,2b,3b,hr,bb,ibb,sb,cs,hbp,sh,sf,gdp,k,po,a,e,avg
2/13/2026,,Claremont-M-S,L,1-4,22,1,4,1,0,0,0,1,0,0,0,0,2,0,0,1,21,9,1,.182
2/14/2026,at,Claremont-M-S,W,4-3,30,4,9,4,3,1,0,1,0,0,1,0,0,0,0,5,21,10,0,.300
2/14/2026,at,Claremont-M-S,L,4-5,29,4,8,4,0,0,0,3,0,0,0,1,4,1,0,3,23,10,1,.276
2/27/2026,,Lewis & Clark,L,5-7,33,5,9,5,0,0,2,1,0,0,0,0,0,0,0,7,21,8,1,.273
2/27/2026,,Lewis & Clark,W,8-0,19,8,5,5,0,1,0,4,0,0,0,0,1,2,0,1,15,7,1,.263
2/28/2026,,Linfield,L,1-11,24,1,3,1,1,0,0,3,0,0,0,0,0,0,0,5,21,6,5,.125
2/28/2026,,Linfield,L,3-11,23,3,6,3,0,0,1,3,0,0,0,0,0,0,0,4,15,6,1,.261
3/6/2026,vs,Saint Benedict,L,6-9,30,6,12,6,2,0,0,3,0,1,0,1,0,1,0,1,21,11,4,.400
3/6/2026,vs,Saint Mary's (Minn.),L,0-2,24,0,3,0,0,0,0,3,0,0,0,0,0,0,0,12,21,14,1,.125
3/7/2026,vs,East Tex. Baptist,L,3-7,25,3,4,3,1,0,0,3,0,0,0,0,0,0,0,11,18,10,0,.160
03/07/2026,at,Mount Union,W,11-5,31,11,10,8,4,0,0,6,0,4,0,0,2,1,0,1,21,8,4,.323
3/8/2026,at,Denison,L,1-9,18,1,3,1,0,0,0,1,0,2,0,1,2,0,0,2,14,5,0,.167
3/8/2026,at,Pfeiffer,L,2-7,25,2,3,1,1,0,0,0,0,3,0,1,1,0,0,4,21,8,0,.120
3/13/2026,,Pacific Lutheran,L,2-6,29,2,7,2,0,0,1,1,0,0,0,0,1,0,0,7,21,10,1,.241
3/13/2026,,Pacific Lutheran,L,4-8,34,4,15,5,2,0,0,0,0,0,0,1,1,0,0,2,21,7,1,.441
3/14/2026,,Hamline,W,9-6,30,9,15,9,2,1,0,1,0,2,0,0,0,0,0,1,21,12,2,.500
3/14/2026,,Hamline,W,9-1,22,9,9,9,3,0,0,1,0,1,0,0,0,0,0,0,15,5,0,.409
3/17/2026,at,Redlands,L,2-3,32,2,10,2,1,0,1,1,0,1,0,0,1,0,0,2,22,11,1,.313
3/18/2026,,Oneonta,W,10-2,28,10,12,8,1,0,2,0,0,3,1,0,0,0,0,2,15,9,0,.429
3/18/2026,,Oneonta,W,12-0,24,12,11,11,4,0,0,4,0,0,0,0,0,0,0,1,15,4,2,.458
3/20/2026,,Cal Lutheran,L,2-4,27,2,8,2,1,0,0,0,0,0,0,0,2,0,0,0,21,4,3,.296
3/21/2026,at,Cal Lutheran,W,11-1,28,11,13,9,4,0,1,4,0,2,0,2,1,0,0,1,18,8,2,.464
3/21/2026,at,Cal Lutheran,W,9-4,38,9,16,9,3,1,0,3,0,2,0,1,0,1,0,5,21,10,2,.421
3/28/2026,,Williams,L,0-9,17,0,3,0,0,0,0,0,0,1,1,1,0,0,0,10,15,15,2,.176
3/28/2026,,Williams,W,1-0,28,1,4,1,0,0,0,4,0,1,0,0,1,1,0,3,27,14,1,.143
4/3/2026,at,Chapman,W,2-0,28,2,5,2,0,0,0,2,0,2,0,0,0,0,0,3,21,11,0,.179
4/4/2026,,Chapman,L,4-5,29,4,7,4,1,0,1,2,0,1,0,0,1,0,0,6,24,8,4,.241
4/4/2026,,Chapman,W,4-2,23,4,6,3,1,1,1,0,0,3,0,1,1,1,0,4,21,9,1,.261
4/10/2026,at,Whittier,L,4-12,24,4,7,4,2,1,1,1,0,0,0,0,0,0,0,4,17,9,1,.292
4/11/2026,,Whittier,W,8-7,32,8,11,6,2,0,1,2,0,2,0,0,0,0,0,3,21,10,2,.344
4/11/2026,,Whittier,L,1-4,27,1,6,1,2,0,0,0,0,0,2,0,0,0,0,1,21,6,3,.222
4/17/2026,,Occidental,W,6-0,23,6,9,6,3,1,1,7,0,1,1,1,1,0,0,1,21,12,0,.391
4/18/2026,at,Occidental,W,2-0,29,2,9,2,1,0,0,0,0,0,0,0,0,0,0,4,21,13,1,.310
4/18/2026,at,Occidental,W,7-4,29,7,9,7,3,1,0,3,0,0,0,1,2,0,0,2,21,3,2,.310
4/24/2026,at,La Verne,L,1-2,22,1,4,1,0,0,0,2,0,1,0,1,3,0,0,1,18,11,0,.182
4/25/2026,,La Verne,W,10-2,34,10,16,9,1,1,0,5,0,1,0,0,0,1,0,3,18,9,0,.471
4/25/2026,,La Verne,L,5-9,28,5,7,5,2,0,0,6,0,0,0,0,0,1,0,3,21,11,2,.250
5/1/2026,,Redlands,L,5-7,31,5,9,5,3,0,1,2,0,0,1,1,0,0,0,2,24,12,1,.290
5/2/2026,at,Redlands,L,0-10,21,0,6,0,1,0,0,1,0,0,0,0,0,0,0,1,12,8,2,.286
5/2/2026,at,Redlands,L,7-9,29,7,13,6,2,1,0,3,0,2,0,0,2,1,0,1,18,10,4,.448
