player,role,n_fall2025_sessions,earliest_fall2025_date,latest_fall2025_date,n_preseason_sessions,earliest_preseason_date,latest_preseason_date
Audrey Reimers,pitcher,13,2025-09-05,2025-11-19,15,2025-09-05,2026-02-06
Ava Bautista,hitter,1,2025-09-05,2025-09-05,4,2025-09-05,2026-02-07
Ava Bautista,pitcher,8,2025-09-05,2025-11-15,10,2025-09-05,2026-02-07
Gianna Phillips,hitter,2,2025-09-05,2025-09-13,5,2025-09-05,2026-02-07
Jiselle Nguyen,hitter,1,2025-09-13,2025-09-13,4,2025-09-13,2026-02-07
Marie Milton,hitter,1,2025-09-13,2025-09-13,4,2025-09-13,2026-02-07
Maya Grande,hitter,0,,,3,2026-01-30,2026-02-07
Morgan Hill,pitcher,0,,,0,,
Nyla Springer,hitter,2,2025-09-05,2025-09-13,5,2025-09-05,2026-02-07
Nyla Springer,pitcher,3,2025-10-25,2025-11-15,6,2025-10-25,2026-02-07
Sadie Huryn,hitter,2,2025-09-05,2025-09-13,4,2025-09-05,2026-02-07
Sammy Breckenridge,pitcher,0,,,0,,
Sophia Roberts,hitter,0,,,3,2026-01-30,2026-02-07
Sophia Roberts,pitcher,0,,,0,,
Violet Burnham,hitter,1,2025-09-13,2025-09-13,4,2025-09-13,2026-02-07
Yuri Song,hitter,1,2025-09-05,2025-09-05,3,2025-09-05,2026-02-06
Zoey Meadows,pitcher,0,,,0,,
brooke bullis,hitter,1,2025-09-05,2025-09-05,1,2025-09-05,2025-09-05
claire sefkow,hitter,0,,,3,2026-01-30,2026-02-07
kylie liu,hitter,3,2025-09-05,2025-09-13,6,2025-09-05,2026-02-07
mia lopez,pitcher,7,2025-09-05,2025-11-13,10,2025-09-05,2026-02-07
natalie murguia,hitter,1,2025-09-13,2025-09-13,4,2025-09-13,2026-02-07
summer gibson,hitter,2,2025-09-05,2025-09-13,5,2025-09-05,2026-02-07
